1624473905748,954_1.jpeg,17,9
1624473915748,954_1.jpeg,17,9
1624473925748,954_1.jpeg,17,9
1624473935749,954_1.jpeg,17,9
1624473945750,954_1.jpeg,17,9
1624473955750,954_1.jpeg,17,9
1624473965751,954_1.jpeg,17,9
1624473975750,954_1.jpeg,17,9
1624473985751,954_1.jpeg,17,9
1624473995751,954_1.jpeg,17,9
1624474005753,954_1.jpeg,17,9
1624474015751,954_1.jpeg,17,9
1624474025752,954_1.jpeg,17,9
1624474035752,954_1.jpeg,17,9
1624474045753,954_1.jpeg,17,9
1624474055753,954_1.jpeg,17,9
1624474065754,954_1.jpeg,17,9
1624474075754,954_1.jpeg,17,9
1624474085754,954_1.jpeg,17,9
1624474095755,954_1.jpeg,17,9
1624474105756,954_1.jpeg,17,9
1624474115756,954_1.jpeg,17,9
1624474125756,954_1.jpeg,17,9
1624474135756,954_1.jpeg,17,9
1624474145757,954_1.jpeg,17,9
1624474155757,954_1.jpeg,17,9
1624474165757,954_1.jpeg,17,9
1624474175758,954_1.jpeg,17,9
1624474185759,954_1.jpeg,17,9
1624474195759,954_1.jpeg,17,9
1624474205759,954_1.jpeg,17,9
1624474215760,954_1.jpeg,17,9
1624474225760,954_1.jpeg,17,9
1624474235760,954_1.jpeg,17,9
1624474245761,954_1.jpeg,17,9
1624474255762,954_1.jpeg,17,9
1624474265762,954_1.jpeg,17,9
1624474275764,954_1.jpeg,17,9
1624474285763,954_1.jpeg,17,9
1624474295763,954_1.jpeg,17,9
1624474305765,954_1.jpeg,17,9
1624474315765,954_1.jpeg,17,9
1624474325765,954_1.jpeg,17,9
1624474335766,954_1.jpeg,17,9
1624474345766,954_1.jpeg,17,9
1624474355766,954_1.jpeg,17,9
1624474365767,954_1.jpeg,17,9
1624474375767,954_1.jpeg,17,9
1624474385767,954_1.jpeg,17,9
1624474395768,954_1.jpeg,17,9
1624474405769,954_1.jpeg,17,9
1624474415769,954_1.jpeg,17,9
1624474425769,954_1.jpeg,17,9
1624474435769,954_1.jpeg,17,9
1624474445770,954_1.jpeg,17,9
1624474455771,954_1.jpeg,17,9
1624474465771,954_1.jpeg,17,9
1624474475771,954_1.jpeg,17,9
1624474485772,954_1.jpeg,17,9
1624474495772,954_1.jpeg,17,9
1624474505773,954_1.jpeg,17,9
1624474515773,954_1.jpeg,17,9
1624474525774,954_1.jpeg,17,9
1624474535774,954_1.jpeg,17,9
1624474545775,954_1.jpeg,17,9
1624474555775,954_1.jpeg,17,9
1624474565776,954_1.jpeg,17,9
1624474575775,954_1.jpeg,17,9
1624474585778,954_1.jpeg,17,9
1624474595777,954_1.jpeg,17,9
1624474605777,954_1.jpeg,17,9
1624474615777,954_1.jpeg,17,9
1624474625777,954_1.jpeg,17,9
1624474635778,954_1.jpeg,17,9
1624474645779,954_1.jpeg,17,9
1624474655779,954_1.jpeg,17,9
1624474665780,954_1.jpeg,17,9
1624474675780,954_1.jpeg,17,9
1624474685780,954_1.jpeg,17,9
1624474695781,954_1.jpeg,17,9
1624474705782,954_1.jpeg,17,9
1624474715781,954_1.jpeg,17,9
1624474725782,954_1.jpeg,17,9
1624474735783,954_1.jpeg,17,9
1624474745783,954_1.jpeg,17,9
1624474755784,954_1.jpeg,17,9
1624474765784,954_1.jpeg,17,9
1624474775784,954_1.jpeg,17,9
1624474785784,954_1.jpeg,17,9
1624474795786,954_1.jpeg,17,9
1624474805786,954_1.jpeg,17,9
1624474815787,954_1.jpeg,17,9
1624474825786,954_1.jpeg,17,9
1624474835787,954_1.jpeg,17,9
1624474845787,954_1.jpeg,17,9
1624474855787,954_1.jpeg,17,9
1624474865788,954_1.jpeg,17,9
1624474875789,954_1.jpeg,17,9
1624474888782,401_2.jpeg,18,9
1624474898782,401_2.jpeg,18,9
1624474908782,242_3.jpeg,19,9
1624474918781,954_1.jpeg,17,9
1624474928782,401_2.jpeg,18,9
1624474938783,242_3.jpeg,19,9
1624474948785,954_1.jpeg,17,9
1624474958785,401_2.jpeg,18,9
1624474968785,242_3.jpeg,19,9
1624474978786,954_1.jpeg,17,9
1624474988786,401_2.jpeg,18,9
1624474998788,242_3.jpeg,19,9
1624475008788,954_1.jpeg,17,9
1624475018787,401_2.jpeg,18,9
1624475028788,401_2.jpeg,18,9
1624475038788,401_2.jpeg,18,9
1624475048789,401_2.jpeg,18,9
1624475058790,401_2.jpeg,18,9
1624475068789,401_2.jpeg,18,9
1624475078789,401_2.jpeg,18,9
1624475088791,401_2.jpeg,18,9
1624475098790,401_2.jpeg,18,9
1624475108791,401_2.jpeg,18,9
1624475118791,401_2.jpeg,18,9
1624475128792,401_2.jpeg,18,9
1624475138792,401_2.jpeg,18,9
1624475148792,401_2.jpeg,18,9
1624475158792,401_2.jpeg,18,9
1624475168793,401_2.jpeg,18,9
1624475178794,401_2.jpeg,18,9
1624475188794,401_2.jpeg,18,9
1624475198794,401_2.jpeg,18,9
1624475208795,401_2.jpeg,18,9
1624475218796,401_2.jpeg,18,9
1624475228796,401_2.jpeg,18,9
1624475238796,401_2.jpeg,18,9
1624475248796,401_2.jpeg,18,9
1624475258797,401_2.jpeg,18,9
1624475268798,401_2.jpeg,18,9
1624475278798,401_2.jpeg,18,9
1624475288799,401_2.jpeg,18,9
1624475298799,401_2.jpeg,18,9
1624475308799,401_2.jpeg,18,9
1624475318800,401_2.jpeg,18,9
1624475328801,401_2.jpeg,18,9
1624475342178,401_2.jpeg,18,9
1624475352177,401_2.jpeg,18,9
1624475362178,242_3.jpeg,19,9
1624475372179,954_1.jpeg,17,9
1624475382179,401_2.jpeg,18,9
1624475392179,242_3.jpeg,19,9
1624475402180,954_1.jpeg,17,9
1624475412181,401_2.jpeg,18,9
1624475422180,242_3.jpeg,19,9
1624475432180,954_1.jpeg,17,9
1624475442181,401_2.jpeg,18,9
1624475452182,242_3.jpeg,19,9
1624475462183,954_1.jpeg,17,9
1624475472184,401_2.jpeg,18,9
1624475482184,242_3.jpeg,19,9
1624475492184,954_1.jpeg,17,9
1624475502184,401_2.jpeg,18,9
1624475512184,242_3.jpeg,19,9
1624475522186,954_1.jpeg,17,9
1624475532186,401_2.jpeg,18,9
1624475542186,242_3.jpeg,19,9
1624475552187,954_1.jpeg,17,9
1624475562187,401_2.jpeg,18,9
1624475572188,242_3.jpeg,19,9
1624475582188,954_1.jpeg,17,9
1624475592188,401_2.jpeg,18,9
1624475602189,242_3.jpeg,19,9
1624475612189,954_1.jpeg,17,9
1624475622189,401_2.jpeg,18,9
1624475632190,242_3.jpeg,19,9
1624475642191,954_1.jpeg,17,9
1624475652191,401_2.jpeg,18,9
1624475662191,242_3.jpeg,19,9
1624475672191,242_3.jpeg,19,9
1624475682192,954_1.jpeg,17,9
1624475692192,401_2.jpeg,18,9
1624475702194,242_3.jpeg,19,9
1624475712194,954_1.jpeg,17,9
1624475722194,401_2.jpeg,18,9
1624475732194,242_3.jpeg,19,9
1624475742195,954_1.jpeg,17,9
1624475752196,401_2.jpeg,18,9
1624475762197,242_3.jpeg,19,9
1624475772197,954_1.jpeg,17,9
1624475782197,401_2.jpeg,18,9
1624475792197,242_3.jpeg,19,9
1624475802198,954_1.jpeg,17,9
1624475812199,401_2.jpeg,18,9
1624475822199,242_3.jpeg,19,9
1624475832199,954_1.jpeg,17,9
1624475842200,401_2.jpeg,18,9
1624475852200,242_3.jpeg,19,9
1624475862200,954_1.jpeg,17,9
1624475872201,401_2.jpeg,18,9
1624475882201,242_3.jpeg,19,9
1624475892201,954_1.jpeg,17,9
1624475902202,401_2.jpeg,18,9
1624475912202,242_3.jpeg,19,9
1624475922203,954_1.jpeg,17,9
1624475932203,401_2.jpeg,18,9
1624475942204,242_3.jpeg,19,9
1624475952204,954_1.jpeg,17,9
1624475962204,401_2.jpeg,18,9
1624475972205,242_3.jpeg,19,9
1624475982205,954_1.jpeg,17,9
1624475992206,954_1.jpeg,17,9
1624476002206,401_2.jpeg,18,9
1624476012207,242_3.jpeg,19,9
1624476022207,954_1.jpeg,17,9
1624476032208,401_2.jpeg,18,9
1624476042208,242_3.jpeg,19,9
1624476052208,954_1.jpeg,17,9
1624476062210,401_2.jpeg,18,9
1624476072210,242_3.jpeg,19,9
1624476082210,954_1.jpeg,17,9
1624476092210,401_2.jpeg,18,9
1624476102211,242_3.jpeg,19,9
1624476112212,954_1.jpeg,17,9
1624476122211,401_2.jpeg,18,9
1624476132212,401_2.jpeg,18,9
1624476142213,401_2.jpeg,18,9
1624476152212,401_2.jpeg,18,9
1624476162212,401_2.jpeg,18,9
1624476172213,401_2.jpeg,18,9
1624476182214,401_2.jpeg,18,9
1624476192214,401_2.jpeg,18,9
1624476202215,401_2.jpeg,18,9
1624476212215,401_2.jpeg,18,9
1624476222215,401_2.jpeg,18,9
1624476232215,401_2.jpeg,18,9
1624476242216,401_2.jpeg,18,9
1624476271794,954_1.jpeg,17,9
1624476281792,954_1.jpeg,17,9
1624476291793,954_1.jpeg,17,9
1624476301793,954_1.jpeg,17,9
1624476311794,954_1.jpeg,17,9
1624476321794,954_1.jpeg,17,9
1624476331795,954_1.jpeg,17,9
1624476341795,954_1.jpeg,17,9
1624476351796,954_1.jpeg,17,9
1624476361796,954_1.jpeg,17,9
1624476371797,954_1.jpeg,17,9
1624476381797,954_1.jpeg,17,9
1624476391798,954_1.jpeg,17,9
1624476401798,954_1.jpeg,17,9
1624476411798,954_1.jpeg,17,9
1624476421798,954_1.jpeg,17,9
1624476431799,954_1.jpeg,17,9
1624476441800,954_1.jpeg,17,9
1624476451800,954_1.jpeg,17,9
1624476461800,954_1.jpeg,17,9
1624476471800,954_1.jpeg,17,9
1624476481800,954_1.jpeg,17,9
1624476491801,954_1.jpeg,17,9
1624476501801,954_1.jpeg,17,9
1624476511802,954_1.jpeg,17,9
1624476521803,954_1.jpeg,17,9
1624476531803,954_1.jpeg,17,9
1624476541803,954_1.jpeg,17,9
1624476551803,954_1.jpeg,17,9
1624476561804,954_1.jpeg,17,9
1624476571805,954_1.jpeg,17,9
1624476581805,954_1.jpeg,17,9
1624476591805,954_1.jpeg,17,9
1624476601806,954_1.jpeg,17,9
1624476611806,954_1.jpeg,17,9
1624476621806,954_1.jpeg,17,9
1624476631807,954_1.jpeg,17,9
1624476641807,954_1.jpeg,17,9
1624476651807,954_1.jpeg,17,9
1624476661808,954_1.jpeg,17,9
1624476671808,954_1.jpeg,17,9
1624476681808,954_1.jpeg,17,9
1624476691810,954_1.jpeg,17,9
1624476701809,954_1.jpeg,17,9
1624476711810,954_1.jpeg,17,9
1624476721810,954_1.jpeg,17,9
1624476731811,954_1.jpeg,17,9
1624476741811,954_1.jpeg,17,9
1624476751811,954_1.jpeg,17,9
1624476761811,954_1.jpeg,17,9
1624476771812,954_1.jpeg,17,9
1624476781812,954_1.jpeg,17,9
1624476791813,954_1.jpeg,17,9
1624476801813,954_1.jpeg,17,9
1624476811813,954_1.jpeg,17,9
1624476821814,954_1.jpeg,17,9
1624476831815,954_1.jpeg,17,9
1624476841815,954_1.jpeg,17,9
1624476871816,954_1.jpeg,17,9
1624476851815,954_1.jpeg,17,9
1624476861815,954_1.jpeg,17,9
1624476881817,954_1.jpeg,17,9
1624476891816,954_1.jpeg,17,9
1624476901817,954_1.jpeg,17,9
1624476911817,954_1.jpeg,17,9
1624476921818,954_1.jpeg,17,9
1624476931819,954_1.jpeg,17,9
1624476941819,954_1.jpeg,17,9
1624477051823,954_1.jpeg,17,9
1624477041823,954_1.jpeg,17,9
1624476971820,954_1.jpeg,17,9
1624476981820,954_1.jpeg,17,9
1624477031822,954_1.jpeg,17,9
1624477021822,954_1.jpeg,17,9
1624476961820,954_1.jpeg,17,9
1624476991820,954_1.jpeg,17,9
1624477001821,954_1.jpeg,17,9
1624477061825,954_1.jpeg,17,9
1624476951819,954_1.jpeg,17,9
1624477011822,954_1.jpeg,17,9
1624478503108,401_2.jpeg,18,9
1624478513095,401_2.jpeg,18,9
1624478523095,242_3.jpeg,19,9
1624618432592,401_2.jpeg,18,9
1624618332592,401_2.jpeg,18,9
1624618402592,401_2.jpeg,18,9
1624618422592,401_2.jpeg,18,9
1624618472592,401_2.jpeg,18,9
1624618412592,401_2.jpeg,18,9
1624618322593,954_1.jpeg,17,9
1624618462592,401_2.jpeg,18,9
1624618352592,401_2.jpeg,18,9
1624618342592,401_2.jpeg,18,9
1624618362592,401_2.jpeg,18,9
1624618452592,401_2.jpeg,18,9
1624618372592,401_2.jpeg,18,9
1624618392592,401_2.jpeg,18,9
1624618382592,401_2.jpeg,18,9
1624618442592,401_2.jpeg,18,9
1624618482592,401_2.jpeg,18,9
1624968797336,401_2.jpeg,18,9
1624968807324,401_2.jpeg,18,9
1624986684108,401_2.jpeg,18,9
1624986694059,401_2.jpeg,18,9
1624986704059,242_3.jpeg,19,9
1625038141119,954_1.jpeg,17,9
1625038151118,954_1.jpeg,17,9
1625038161118,954_1.jpeg,17,9
1625038171118,954_1.jpeg,17,9
1625038181118,954_1.jpeg,17,9
1625038191119,954_1.jpeg,17,9
1625038201118,954_1.jpeg,17,9
1625038211153,954_1.jpeg,17,9
1625038221118,954_1.jpeg,17,9
1625038231118,954_1.jpeg,17,9
1625038241118,954_1.jpeg,17,9
1625038251118,954_1.jpeg,17,9
1625038261118,954_1.jpeg,17,9
1625038271118,954_1.jpeg,17,9
1625038281119,954_1.jpeg,17,9
1625038291118,954_1.jpeg,17,9
1625038301119,954_1.jpeg,17,9
1625038311118,954_1.jpeg,17,9
1625038321118,954_1.jpeg,17,9
1625038331118,954_1.jpeg,17,9
1625038341118,954_1.jpeg,17,9
1625038351119,954_1.jpeg,17,9
1625038361118,954_1.jpeg,17,9
1625038371119,954_1.jpeg,17,9
1625038381118,954_1.jpeg,17,9
1625038391118,954_1.jpeg,17,9
1625038401118,954_1.jpeg,17,9
1625038411119,954_1.jpeg,17,9
1625038421118,954_1.jpeg,17,9
1625038431118,954_1.jpeg,17,9
1625245629545,401_2.jpeg,18,9
1625245639478,401_2.jpeg,18,9
1625245649478,401_2.jpeg,18,9
1625245659478,401_2.jpeg,18,9
1625245669478,401_2.jpeg,18,9
1625245679479,401_2.jpeg,18,9
1625245689479,401_2.jpeg,18,9
1625245699479,401_2.jpeg,18,9
1625245709478,401_2.jpeg,18,9
1625245719481,401_2.jpeg,18,9
1625245729563,401_2.jpeg,18,9
1625245739478,401_2.jpeg,18,9
1625245749478,401_2.jpeg,18,9
1625245759478,401_2.jpeg,18,9
1625245769478,401_2.jpeg,18,9
1625245779480,401_2.jpeg,18,9
1625245789485,401_2.jpeg,18,9
1625245799486,401_2.jpeg,18,9
1625245809478,401_2.jpeg,18,9
1625245819484,401_2.jpeg,18,9
1625245829479,401_2.jpeg,18,9
1625245839478,401_2.jpeg,18,9
1625245849478,401_2.jpeg,18,9
1625245859477,401_2.jpeg,18,9
1625245869478,401_2.jpeg,18,9
1625245879481,401_2.jpeg,18,9
1625245889478,401_2.jpeg,18,9
1625245899478,401_2.jpeg,18,9
1625245909480,401_2.jpeg,18,9
1625506829234,954_1.jpeg,17,9
1625506846441,954_1.jpeg,17,9
1625506856440,401_2.jpeg,18,9
1625506866440,242_3.jpeg,19,9
1625506876440,954_1.jpeg,17,9
1625506886440,401_2.jpeg,18,9
1625506896440,242_3.jpeg,19,9
1625506906440,954_1.jpeg,17,9
1625506916440,401_2.jpeg,18,9
1625506926440,242_3.jpeg,19,9
1625506936440,954_1.jpeg,17,9
1625507023099,954_1.jpeg,17,9
1625507033099,401_2.jpeg,18,9
1625507043098,401_2.jpeg,18,9
1625507056746,954_1.jpeg,17,9
1625507607537,401_2.jpeg,18,9
1625507607567,401_2.jpeg,18,9
1625507617559,401_2.jpeg,18,9
1625507628243,401_2.jpeg,18,9
1625507628232,401_2.jpeg,18,9
1625507617527,401_2.jpeg,18,9
1625507677527,401_2.jpeg,18,9
1625507647527,401_2.jpeg,18,9
1625507647559,401_2.jpeg,18,9
1625507657559,401_2.jpeg,18,9
1625507657527,401_2.jpeg,18,9
1625507637527,401_2.jpeg,18,9
1625507667527,401_2.jpeg,18,9
1625507667559,401_2.jpeg,18,9
1625507637559,401_2.jpeg,18,9
1625507677559,401_2.jpeg,18,9
1625507687527,242_3.jpeg,19,9
1625507687559,242_3.jpeg,19,9
1625507697528,242_3.jpeg,19,9
1625507697559,242_3.jpeg,19,9
1625507707527,242_3.jpeg,19,9
1625507707559,242_3.jpeg,19,9
1625507717527,242_3.jpeg,19,9
1625507717559,242_3.jpeg,19,9
1625507727527,242_3.jpeg,19,9
1625507727559,242_3.jpeg,19,9
1625507737527,242_3.jpeg,19,9
1625507737559,242_3.jpeg,19,9
1625507747527,242_3.jpeg,19,9
1625507747559,242_3.jpeg,19,9
1625507757527,242_3.jpeg,19,9
1625507757559,242_3.jpeg,19,9
1625507767527,242_3.jpeg,19,9
1625507767560,242_3.jpeg,19,9
1625507807954,242_3.jpeg,19,9
1625507807988,242_3.jpeg,19,9
1625507817527,242_3.jpeg,19,9
1625510647727,401_2.jpeg,18,9
1625510607727,401_2.jpeg,18,9
1625510617727,401_2.jpeg,18,9
1625510627727,401_2.jpeg,18,9
1625510669079,401_2.jpeg,18,9
1625510637727,401_2.jpeg,18,9
1625510669119,401_2.jpeg,18,9
1625510587895,401_2.jpeg,18,9
1625510597727,401_2.jpeg,18,9
1625510607891,401_2.jpeg,18,9
1625510597891,401_2.jpeg,18,9
1625510647891,401_2.jpeg,18,9
1625510627891,401_2.jpeg,18,9
1625510637891,401_2.jpeg,18,9
1625510617891,401_2.jpeg,18,9
1625510587738,401_2.jpeg,18,9
1625510677727,401_2.jpeg,18,9
1625510677891,401_2.jpeg,18,9
1625510687727,242_3.jpeg,19,9
1625510687891,242_3.jpeg,19,9
1625510697727,242_3.jpeg,19,9
1625510697891,242_3.jpeg,19,9
1625510707727,242_3.jpeg,19,9
1625510707891,242_3.jpeg,19,9
1625510717891,242_3.jpeg,19,9
1625510717727,242_3.jpeg,19,9
1625510727727,242_3.jpeg,19,9
1625510727891,242_3.jpeg,19,9
1625510737727,242_3.jpeg,19,9
1625510737891,242_3.jpeg,19,9
1625510747727,242_3.jpeg,19,9
1625510747891,242_3.jpeg,19,9
1625510757727,242_3.jpeg,19,9
1625510757891,242_3.jpeg,19,9
1625510767727,242_3.jpeg,19,9
1625510767891,242_3.jpeg,19,9
1625510777727,954_1.jpeg,17,9
1625510777891,954_1.jpeg,17,9
1625510787727,401_2.jpeg,18,9
1625510787891,401_2.jpeg,18,9
1625510797727,242_3.jpeg,19,9
1625510797891,242_3.jpeg,19,9
1625510807727,954_1.jpeg,17,9
1625510807891,242_3.jpeg,19,9
1625510817891,954_1.jpeg,17,9
1625510872476,401_2.jpeg,18,9
1625510872672,401_2.jpeg,18,9
1625510882464,401_2.jpeg,18,9
1625510882660,401_2.jpeg,18,9
1625510892464,242_3.jpeg,19,9
1625510892660,242_3.jpeg,19,9
1625510902464,954_1.jpeg,17,9
1625510902660,954_1.jpeg,17,9
1625510912464,401_2.jpeg,18,9
1625510912660,401_2.jpeg,18,9
1625510922464,242_3.jpeg,19,9
1625510922660,242_3.jpeg,19,9
1625510932464,954_1.jpeg,17,9
1625510932660,954_1.jpeg,17,9
1625510942464,401_2.jpeg,18,9
1625510942660,401_2.jpeg,18,9
1625510952464,242_3.jpeg,19,9
1625510952660,242_3.jpeg,19,9
1625510962464,954_1.jpeg,17,9
1625510962660,954_1.jpeg,17,9
1625510972464,401_2.jpeg,18,9
1625510972660,401_2.jpeg,18,9
1625510982464,242_3.jpeg,19,9
1625510982660,242_3.jpeg,19,9
1625569886201,401_2.jpeg,18,9
1625569886341,401_2.jpeg,18,9
1625569896325,401_2.jpeg,18,9
1625569896194,401_2.jpeg,18,9
1625569906194,242_3.jpeg,19,9
1625569906325,242_3.jpeg,19,9
1625569916194,954_1.jpeg,17,9
1625569916326,954_1.jpeg,17,9
1625569926194,401_2.jpeg,18,9
1625569926325,401_2.jpeg,18,9
1625569954502,401_2.jpeg,18,9
1625569954483,401_2.jpeg,18,9
1625569956194,401_2.jpeg,18,9
1625569956325,401_2.jpeg,18,9
1625572915691,954_1.jpeg,17,9
1625572916350,954_1.jpeg,17,9
1625572926349,401_2.jpeg,18,9
1625572925691,401_2.jpeg,18,9
1625572958545,954_1.jpeg,17,9
1625572958837,401_2.jpeg,18,9
1625572968545,401_2.jpeg,18,9
1625572968816,401_2.jpeg,18,9
1625572978545,242_3.jpeg,19,9
1625572978816,242_3.jpeg,19,9
1625572988816,954_1.jpeg,17,9
1625572988546,954_1.jpeg,17,9
1625572998545,401_2.jpeg,18,9
1625572998816,401_2.jpeg,18,9
1625573008545,242_3.jpeg,19,9
1625573008816,242_3.jpeg,19,9
1625573018545,954_1.jpeg,17,9
1625573018816,954_1.jpeg,17,9
1625573028553,401_2.jpeg,18,9
1625573028816,401_2.jpeg,18,9
1625573038545,242_3.jpeg,19,9
1625573038816,242_3.jpeg,19,9
1625573048545,954_1.jpeg,17,9
1625573048816,954_1.jpeg,17,9
1625573058545,401_2.jpeg,18,9
1625573058816,401_2.jpeg,18,9
1625573068545,242_3.jpeg,19,9
1625573068816,242_3.jpeg,19,9
1625573281453,954_1.jpeg,17,9
1625573281652,954_1.jpeg,17,9
1625573291453,401_2.jpeg,18,9
1625573291652,401_2.jpeg,18,9
1625573301453,242_3.jpeg,19,9
1625573311453,954_1.jpeg,17,9
1625573321453,401_2.jpeg,18,9
1625573331453,242_3.jpeg,19,9
1625573341453,954_1.jpeg,17,9
1625573351453,401_2.jpeg,18,9
1625573361453,242_3.jpeg,19,9
1625573371453,954_1.jpeg,17,9
1625573381453,401_2.jpeg,18,9
1625573391453,242_3.jpeg,19,9
1625573401453,954_1.jpeg,17,9
1625573411453,401_2.jpeg,18,9
1625573421453,242_3.jpeg,19,9
1625573431453,954_1.jpeg,17,9
1625573441453,401_2.jpeg,18,9
1625573451453,242_3.jpeg,19,9
1625573461453,954_1.jpeg,17,9
1625573471453,401_2.jpeg,18,9
1625573481453,242_3.jpeg,19,9
1625573491453,954_1.jpeg,17,9
1625573501453,401_2.jpeg,18,9
1625573511453,242_3.jpeg,19,9
1625573521453,954_1.jpeg,17,9
1625573531453,401_2.jpeg,18,9
1625573541453,242_3.jpeg,19,9
1625573551453,954_1.jpeg,17,9
1625573561453,401_2.jpeg,18,9
1625573571453,242_3.jpeg,19,9
1625573581453,954_1.jpeg,17,9
1625574032504,954_1.jpeg,17,9
1625574032738,954_1.jpeg,17,9
1625574042504,401_2.jpeg,18,9
1625574042738,401_2.jpeg,18,9
1625574052504,242_3.jpeg,19,9
1625574052738,242_3.jpeg,19,9
1625574062738,954_1.jpeg,17,9
1625574062504,954_1.jpeg,17,9
1625574072738,401_2.jpeg,18,9
1625574072504,401_2.jpeg,18,9
1625574082737,242_3.jpeg,19,9
1625574082504,242_3.jpeg,19,9
1625574092737,954_1.jpeg,17,9
1625574092504,954_1.jpeg,17,9
1625574102738,401_2.jpeg,18,9
1625574102504,401_2.jpeg,18,9
1625574112504,242_3.jpeg,19,9
1625574112738,242_3.jpeg,19,9
1625574161597,954_1.jpeg,17,9
1625574161643,401_2.jpeg,18,9
1625574136240,401_2.jpeg,18,9
1625574126248,401_2.jpeg,18,9
1625574132504,401_2.jpeg,18,9
1625574161648,401_2.jpeg,18,9
1625574132738,954_1.jpeg,17,9
1625574122738,954_1.jpeg,17,9
1625574122504,954_1.jpeg,17,9
1625574162504,401_2.jpeg,18,9
1625574162737,954_1.jpeg,17,9
1625575743708,401_2.jpeg,18,9
1625575743710,401_2.jpeg,18,9
1625575753696,401_2.jpeg,18,9
1625575753699,401_2.jpeg,18,9
1625575765862,401_2.jpeg,18,9
1625575765868,401_2.jpeg,18,9
1625575803696,242_3.jpeg,19,9
1625575773696,401_2.jpeg,18,9
1625575793696,242_3.jpeg,19,9
1625575783705,242_3.jpeg,19,9
1625575773699,401_2.jpeg,18,9
1625575783703,242_3.jpeg,19,9
1625575803699,242_3.jpeg,19,9
1625575793699,242_3.jpeg,19,9
1625575827796,242_3.jpeg,19,9
1625575827797,242_3.jpeg,19,9
1625575833696,242_3.jpeg,19,9
1625575833699,242_3.jpeg,19,9
1625575843699,954_1.jpeg,17,9
1625575843696,954_1.jpeg,17,9
1625575853696,954_1.jpeg,17,9
1625575853699,954_1.jpeg,17,9
1625575863696,954_1.jpeg,17,9
1625575863699,954_1.jpeg,17,9
1625575873696,954_1.jpeg,17,9
1625575873699,954_1.jpeg,17,9
1625575889027,954_1.jpeg,17,9
1625575889036,954_1.jpeg,17,9
1625575893696,954_1.jpeg,17,9
1625575893699,954_1.jpeg,17,9
1625575903699,401_2.jpeg,18,9
1625575903696,401_2.jpeg,18,9
1625575913696,242_3.jpeg,19,9
1625575913699,242_3.jpeg,19,9
1625581942644,954_1.jpeg,17,9
1625581942846,401_2.jpeg,18,9
1625581952836,401_2.jpeg,18,9
1625581962836,242_3.jpeg,19,9
1625581972836,954_1.jpeg,17,9
1625581982836,401_2.jpeg,18,9
1625581992836,242_3.jpeg,19,9
1625582002836,954_1.jpeg,17,9
1625582012836,401_2.jpeg,18,9
1625582022836,242_3.jpeg,19,9
1625582032836,954_1.jpeg,17,9
1625582042836,401_2.jpeg,18,9
1625582052836,242_3.jpeg,19,9
1625582062836,954_1.jpeg,17,9
1625582072836,401_2.jpeg,18,9
1625582082838,242_3.jpeg,19,9
1625582092836,954_1.jpeg,17,9
1625582102836,401_2.jpeg,18,9
1625582112836,242_3.jpeg,19,9
1625582122836,954_1.jpeg,17,9
1625582132836,401_2.jpeg,18,9
1625582955054,954_1.jpeg,17,9
1625582955306,954_1.jpeg,17,9
1625583304566,401_2.jpeg,18,9
1625583304679,401_2.jpeg,18,9
1625583314559,401_2.jpeg,18,9
1625583314659,401_2.jpeg,18,9
1625583324559,242_3.jpeg,19,9
1625583324659,242_3.jpeg,19,9
1625583334559,954_1.jpeg,17,9
1625583334659,954_1.jpeg,17,9
1625583344559,401_2.jpeg,18,9
1625583344659,401_2.jpeg,18,9
1625583354559,242_3.jpeg,19,9
1625583354659,242_3.jpeg,19,9
1625583364559,954_1.jpeg,17,9
1625583364659,954_1.jpeg,17,9
1625583374559,401_2.jpeg,18,9
1625583374659,401_2.jpeg,18,9
1625583384559,242_3.jpeg,19,9
1625583384660,242_3.jpeg,19,9
1625583394559,954_1.jpeg,17,9
1625583394660,954_1.jpeg,17,9
1625583404559,401_2.jpeg,18,9
1625583404659,401_2.jpeg,18,9
1625583414559,242_3.jpeg,19,9
1625583414660,242_3.jpeg,19,9
1625583424559,954_1.jpeg,17,9
1625583424660,954_1.jpeg,17,9
1625583434559,401_2.jpeg,18,9
1625583434660,401_2.jpeg,18,9
1625583444559,242_3.jpeg,19,9
1625583444660,242_3.jpeg,19,9
1625583454559,954_1.jpeg,17,9
1625583454659,954_1.jpeg,17,9
1625583464559,401_2.jpeg,18,9
1625583464660,401_2.jpeg,18,9
1625583474559,242_3.jpeg,19,9
1625583474659,242_3.jpeg,19,9
1625583484559,954_1.jpeg,17,9
1625583484660,954_1.jpeg,17,9
1625583494559,401_2.jpeg,18,9
1625583494660,401_2.jpeg,18,9
1625583504559,242_3.jpeg,19,9
1625583504660,242_3.jpeg,19,9
1625583514559,954_1.jpeg,17,9
1625583514660,954_1.jpeg,17,9
1625583524559,401_2.jpeg,18,9
1625583524660,401_2.jpeg,18,9
1625583533301,954_1.jpeg,17,9
1625583533601,954_1.jpeg,17,9
1625583534559,242_3.jpeg,19,9
1625583534659,242_3.jpeg,19,9
1625583543301,401_2.jpeg,18,9
1625583543600,401_2.jpeg,18,9
1625583544559,954_1.jpeg,17,9
1625583544659,954_1.jpeg,17,9
1625583553301,242_3.jpeg,19,9
1625583553600,242_3.jpeg,19,9
1625583554559,401_2.jpeg,18,9
1625583554660,401_2.jpeg,18,9
1625583563301,954_1.jpeg,17,9
1625583563600,954_1.jpeg,17,9
1625583564559,242_3.jpeg,19,9
1625583564660,242_3.jpeg,19,9
1625583687463,401_2.jpeg,18,9
1625583687620,401_2.jpeg,18,9
1625583697446,401_2.jpeg,18,9
1625583697603,401_2.jpeg,18,9
1625583707446,242_3.jpeg,19,9
1625583707603,242_3.jpeg,19,9
1625583717446,954_1.jpeg,17,9
1625583717603,954_1.jpeg,17,9
1625583727446,401_2.jpeg,18,9
1625583727603,401_2.jpeg,18,9
1625583737446,242_3.jpeg,19,9
1625583737603,242_3.jpeg,19,9
1625583747446,954_1.jpeg,17,9
1625583747604,954_1.jpeg,17,9
1625583757446,401_2.jpeg,18,9
1625583757604,401_2.jpeg,18,9
1625583767446,242_3.jpeg,19,9
1625583767603,242_3.jpeg,19,9
1625583777446,954_1.jpeg,17,9
1625583777604,954_1.jpeg,17,9
1625583787446,401_2.jpeg,18,9
1625583787603,401_2.jpeg,18,9
1625583797446,242_3.jpeg,19,9
1625583797604,242_3.jpeg,19,9
1625583807446,954_1.jpeg,17,9
1625583807604,954_1.jpeg,17,9
1625583817446,401_2.jpeg,18,9
1625583817603,401_2.jpeg,18,9
1625583827446,242_3.jpeg,19,9
1625583827603,242_3.jpeg,19,9
1625583837446,954_1.jpeg,17,9
1625583837603,954_1.jpeg,17,9
1625583847446,401_2.jpeg,18,9
1625583847603,401_2.jpeg,18,9
1625583857446,242_3.jpeg,19,9
1625583857603,242_3.jpeg,19,9
1625583867446,954_1.jpeg,17,9
1625583867604,954_1.jpeg,17,9
1625583877446,401_2.jpeg,18,9
1625583877604,401_2.jpeg,18,9
1625583887446,242_3.jpeg,19,9
1625583887604,242_3.jpeg,19,9
1625583897446,954_1.jpeg,17,9
1625583897604,954_1.jpeg,17,9
1625583907446,401_2.jpeg,18,9
1625583907603,401_2.jpeg,18,9
1625583917446,242_3.jpeg,19,9
1625583917604,242_3.jpeg,19,9
1625583927446,954_1.jpeg,17,9
1625583927603,954_1.jpeg,17,9
1625583937446,401_2.jpeg,18,9
1625583937603,401_2.jpeg,18,9
1625583947446,242_3.jpeg,19,9
1625583947603,242_3.jpeg,19,9
1625583957446,954_1.jpeg,17,9
1625583957603,954_1.jpeg,17,9
1625583967446,401_2.jpeg,18,9
1625583967603,401_2.jpeg,18,9
1625583977446,242_3.jpeg,19,9
1625583977603,242_3.jpeg,19,9
1625583987446,954_1.jpeg,17,9
1625583987603,954_1.jpeg,17,9
1625583997446,954_1.jpeg,17,9
1625583997603,401_2.jpeg,18,9
1625584007446,401_2.jpeg,18,9
1625584007604,401_2.jpeg,18,9
1625584017446,242_3.jpeg,19,9
1625584017604,242_3.jpeg,19,9
1625584027446,954_1.jpeg,17,9
1625584027603,954_1.jpeg,17,9
1625584037446,401_2.jpeg,18,9
1625584037603,401_2.jpeg,18,9
1625584047446,242_3.jpeg,19,9
1625584047604,242_3.jpeg,19,9
1625584057446,954_1.jpeg,17,9
1625584057603,954_1.jpeg,17,9
1625584067446,401_2.jpeg,18,9
1625584067604,401_2.jpeg,18,9
1625584077446,242_3.jpeg,19,9
1625584077604,242_3.jpeg,19,9
1625584087446,954_1.jpeg,17,9
1625584087604,954_1.jpeg,17,9
1625584097446,401_2.jpeg,18,9
1625584097604,401_2.jpeg,18,9
1625584107446,242_3.jpeg,19,9
1625584107604,242_3.jpeg,19,9
1625584117446,954_1.jpeg,17,9
1625584117604,954_1.jpeg,17,9
1625584127604,401_2.jpeg,18,9
1625584127446,401_2.jpeg,18,9
1625584137446,242_3.jpeg,19,9
1625584137603,242_3.jpeg,19,9
1625584147446,954_1.jpeg,17,9
1625584147603,954_1.jpeg,17,9
1625584157446,401_2.jpeg,18,9
1625584157604,401_2.jpeg,18,9
1625584167446,242_3.jpeg,19,9
1625584167603,242_3.jpeg,19,9
1625584177446,954_1.jpeg,17,9
1625584177603,954_1.jpeg,17,9
1625584187446,401_2.jpeg,18,9
1625584187604,401_2.jpeg,18,9
1625584197446,242_3.jpeg,19,9
1625584197603,242_3.jpeg,19,9
1625584207446,954_1.jpeg,17,9
1625584207604,954_1.jpeg,17,9
1625584217446,401_2.jpeg,18,9
1625584217603,401_2.jpeg,18,9
1625584227446,242_3.jpeg,19,9
1625584227604,242_3.jpeg,19,9
1625584237446,954_1.jpeg,17,9
1625584237604,954_1.jpeg,17,9
1625584247446,401_2.jpeg,18,9
1625584247604,401_2.jpeg,18,9
1625584257446,242_3.jpeg,19,9
1625584257604,242_3.jpeg,19,9
1625584267446,954_1.jpeg,17,9
1625584267603,954_1.jpeg,17,9
1625584277446,401_2.jpeg,18,9
1625584277603,401_2.jpeg,18,9
1625584287446,242_3.jpeg,19,9
1625584287604,242_3.jpeg,19,9
1625584297446,954_1.jpeg,17,9
1625584297604,954_1.jpeg,17,9
1625584307449,401_2.jpeg,18,9
1625584307603,401_2.jpeg,18,9
1625584317446,401_2.jpeg,18,9
1625584317604,401_2.jpeg,18,9
1625584327446,242_3.jpeg,19,9
1625584327603,242_3.jpeg,19,9
1625584337446,954_1.jpeg,17,9
1625584337603,954_1.jpeg,17,9
1625584347446,401_2.jpeg,18,9
1625584347603,401_2.jpeg,18,9
1625584357446,242_3.jpeg,19,9
1625584357603,242_3.jpeg,19,9
1625584367446,954_1.jpeg,17,9
1625584367604,954_1.jpeg,17,9
1625584377446,401_2.jpeg,18,9
1625584377604,401_2.jpeg,18,9
1625584387446,242_3.jpeg,19,9
1625584387603,242_3.jpeg,19,9
1625584397446,954_1.jpeg,17,9
1625584397603,954_1.jpeg,17,9
1625584407446,401_2.jpeg,18,9
1625584407604,401_2.jpeg,18,9
1625584417446,242_3.jpeg,19,9
1625584417604,242_3.jpeg,19,9
1625584427446,954_1.jpeg,17,9
1625584427604,954_1.jpeg,17,9
1625584437446,401_2.jpeg,18,9
1625584437604,401_2.jpeg,18,9
1625584447446,242_3.jpeg,19,9
1625584447604,242_3.jpeg,19,9
1625584457446,954_1.jpeg,17,9
1625584457603,954_1.jpeg,17,9
1625584467446,401_2.jpeg,18,9
1625584467604,401_2.jpeg,18,9
1625584477446,242_3.jpeg,19,9
1625584477604,242_3.jpeg,19,9
1625584487604,954_1.jpeg,17,9
1625584487446,954_1.jpeg,17,9
1625584497446,401_2.jpeg,18,9
1625584497604,401_2.jpeg,18,9
1625584507446,242_3.jpeg,19,9
1625584507604,242_3.jpeg,19,9
1625584517446,954_1.jpeg,17,9
1625584517604,954_1.jpeg,17,9
1625584527446,401_2.jpeg,18,9
1625584527604,401_2.jpeg,18,9
1625584537446,242_3.jpeg,19,9
1625584537604,242_3.jpeg,19,9
1625584547446,954_1.jpeg,17,9
1625584547604,954_1.jpeg,17,9
1625584557446,401_2.jpeg,18,9
1625584557603,401_2.jpeg,18,9
1625584567446,242_3.jpeg,19,9
1625584567604,242_3.jpeg,19,9
1625584577446,954_1.jpeg,17,9
1625584577603,954_1.jpeg,17,9
1625584587446,401_2.jpeg,18,9
1625584587603,401_2.jpeg,18,9
1625584597446,242_3.jpeg,19,9
1625584597604,242_3.jpeg,19,9
1625584607446,954_1.jpeg,17,9
1625584607604,954_1.jpeg,17,9
1625584617446,401_2.jpeg,18,9
1625584617603,401_2.jpeg,18,9
1625584627446,401_2.jpeg,18,9
1625584627604,401_2.jpeg,18,9
1625584637446,242_3.jpeg,19,9
1625584637604,242_3.jpeg,19,9
1625584647446,954_1.jpeg,17,9
1625584647603,954_1.jpeg,17,9
1625584657446,401_2.jpeg,18,9
1625584657604,401_2.jpeg,18,9
1625584667446,242_3.jpeg,19,9
1625584667604,242_3.jpeg,19,9
1625584677446,954_1.jpeg,17,9
1625584677604,954_1.jpeg,17,9
1625584687446,401_2.jpeg,18,9
1625584687604,401_2.jpeg,18,9
1625584697446,242_3.jpeg,19,9
1625584697604,242_3.jpeg,19,9
1625584707446,954_1.jpeg,17,9
1625584707604,954_1.jpeg,17,9
1625584717446,401_2.jpeg,18,9
1625584717604,401_2.jpeg,18,9
1625584727446,242_3.jpeg,19,9
1625584727604,242_3.jpeg,19,9
1625584737446,954_1.jpeg,17,9
1625584737604,954_1.jpeg,17,9
1625584747446,401_2.jpeg,18,9
1625584747604,401_2.jpeg,18,9
1625584757446,242_3.jpeg,19,9
1625584757604,242_3.jpeg,19,9
1625584767446,954_1.jpeg,17,9
1625584767604,954_1.jpeg,17,9
1625584777446,401_2.jpeg,18,9
1625584777604,401_2.jpeg,18,9
1625584787446,242_3.jpeg,19,9
1625584787604,242_3.jpeg,19,9
1625584797446,954_1.jpeg,17,9
1625584797603,954_1.jpeg,17,9
1625584807446,401_2.jpeg,18,9
1625584807604,401_2.jpeg,18,9
1625584817446,242_3.jpeg,19,9
1625584817604,242_3.jpeg,19,9
1625584827446,954_1.jpeg,17,9
1625584827604,954_1.jpeg,17,9
1625584837446,401_2.jpeg,18,9
1625584837604,401_2.jpeg,18,9
1625584847446,242_3.jpeg,19,9
1625584847604,242_3.jpeg,19,9
1625584857446,954_1.jpeg,17,9
1625584857604,954_1.jpeg,17,9
1625584867446,401_2.jpeg,18,9
1625584867604,401_2.jpeg,18,9
1625584877446,242_3.jpeg,19,9
1625584877604,242_3.jpeg,19,9
1625584887446,954_1.jpeg,17,9
1625584887604,954_1.jpeg,17,9
1625584897446,401_2.jpeg,18,9
1625584897604,401_2.jpeg,18,9
1625584907446,242_3.jpeg,19,9
1625584907604,242_3.jpeg,19,9
1625584917446,954_1.jpeg,17,9
1625584917604,954_1.jpeg,17,9
1625584927446,401_2.jpeg,18,9
1625584927603,401_2.jpeg,18,9
1625584937446,401_2.jpeg,18,9
1625584937604,401_2.jpeg,18,9
1625584947446,242_3.jpeg,19,9
1625584947604,242_3.jpeg,19,9
1625584957446,954_1.jpeg,17,9
1625584957604,954_1.jpeg,17,9
1625584967446,401_2.jpeg,18,9
1625584967604,401_2.jpeg,18,9
1625584977446,242_3.jpeg,19,9
1625584977604,242_3.jpeg,19,9
1625584987446,954_1.jpeg,17,9
1625584987604,954_1.jpeg,17,9
1625584997446,401_2.jpeg,18,9
1625584997604,401_2.jpeg,18,9
1625585007446,242_3.jpeg,19,9
1625585007604,242_3.jpeg,19,9
1625585017446,954_1.jpeg,17,9
1625585017604,954_1.jpeg,17,9
1625585027446,401_2.jpeg,18,9
1625585027604,401_2.jpeg,18,9
1625585037446,242_3.jpeg,19,9
1625585037604,242_3.jpeg,19,9
1625585047446,954_1.jpeg,17,9
1625585047604,954_1.jpeg,17,9
1625585057446,401_2.jpeg,18,9
1625585057604,401_2.jpeg,18,9
1625585067446,242_3.jpeg,19,9
1625585067604,242_3.jpeg,19,9
1625585077446,954_1.jpeg,17,9
1625585077604,954_1.jpeg,17,9
1625585087446,401_2.jpeg,18,9
1625585087604,401_2.jpeg,18,9
1625585097446,242_3.jpeg,19,9
1625585097604,242_3.jpeg,19,9
1625585107446,954_1.jpeg,17,9
1625585107604,954_1.jpeg,17,9
1625585117446,401_2.jpeg,18,9
1625585117604,401_2.jpeg,18,9
1625585127446,242_3.jpeg,19,9
1625585127604,242_3.jpeg,19,9
1625585137446,954_1.jpeg,17,9
1625585137603,954_1.jpeg,17,9
1625585147446,401_2.jpeg,18,9
1625585147603,401_2.jpeg,18,9
1625585157446,242_3.jpeg,19,9
1625585157603,242_3.jpeg,19,9
1625585167446,954_1.jpeg,17,9
1625585167604,954_1.jpeg,17,9
1625585177604,401_2.jpeg,18,9
1625585177446,401_2.jpeg,18,9
1625585187446,242_3.jpeg,19,9
1625585187603,242_3.jpeg,19,9
1625585197446,954_1.jpeg,17,9
1625585197604,954_1.jpeg,17,9
1625585207446,401_2.jpeg,18,9
1625585207604,401_2.jpeg,18,9
1625585217446,242_3.jpeg,19,9
1625585217604,242_3.jpeg,19,9
1625585227446,954_1.jpeg,17,9
1625585227604,954_1.jpeg,17,9
1625585237446,401_2.jpeg,18,9
1625585237603,401_2.jpeg,18,9
1625585247449,242_3.jpeg,19,9
1625585247603,242_3.jpeg,19,9
1625585257446,242_3.jpeg,19,9
1625585257604,242_3.jpeg,19,9
1625585267446,954_1.jpeg,17,9
1625585267604,954_1.jpeg,17,9
1625585277446,401_2.jpeg,18,9
1625585277604,401_2.jpeg,18,9
1625585287446,242_3.jpeg,19,9
1625585287604,242_3.jpeg,19,9
1625585297446,954_1.jpeg,17,9
1625585297604,954_1.jpeg,17,9
1625585307446,401_2.jpeg,18,9
1625585307604,401_2.jpeg,18,9
1625585317446,242_3.jpeg,19,9
1625585317604,242_3.jpeg,19,9
1625585327446,954_1.jpeg,17,9
1625585327604,954_1.jpeg,17,9
1625585337446,401_2.jpeg,18,9
1625585337604,401_2.jpeg,18,9
1625585347446,242_3.jpeg,19,9
1625585347604,242_3.jpeg,19,9
1625585357446,954_1.jpeg,17,9
1625585357603,954_1.jpeg,17,9
1625585367446,401_2.jpeg,18,9
1625585367604,401_2.jpeg,18,9
1625585377446,242_3.jpeg,19,9
1625585377604,242_3.jpeg,19,9
1625585387446,954_1.jpeg,17,9
1625585387603,954_1.jpeg,17,9
1625585397446,401_2.jpeg,18,9
1625585397603,401_2.jpeg,18,9
1625585407446,242_3.jpeg,19,9
1625585407603,242_3.jpeg,19,9
1625585417446,954_1.jpeg,17,9
1625585417603,954_1.jpeg,17,9
1625585427446,401_2.jpeg,18,9
1625585427604,401_2.jpeg,18,9
1625585437446,242_3.jpeg,19,9
1625585437604,242_3.jpeg,19,9
1625585447446,954_1.jpeg,17,9
1625585447604,954_1.jpeg,17,9
1625585457446,401_2.jpeg,18,9
1625585457604,401_2.jpeg,18,9
1625585467446,242_3.jpeg,19,9
1625585467604,242_3.jpeg,19,9
1625585477446,954_1.jpeg,17,9
1625585477604,954_1.jpeg,17,9
1625585487446,401_2.jpeg,18,9
1625585487604,401_2.jpeg,18,9
1625585497446,242_3.jpeg,19,9
1625585497604,242_3.jpeg,19,9
1625585507446,954_1.jpeg,17,9
1625585507604,954_1.jpeg,17,9
1625585517446,401_2.jpeg,18,9
1625585517603,401_2.jpeg,18,9
1625585527446,242_3.jpeg,19,9
1625585527603,242_3.jpeg,19,9
1625585537446,954_1.jpeg,17,9
1625585537603,954_1.jpeg,17,9
1625585547446,401_2.jpeg,18,9
1625585547603,401_2.jpeg,18,9
1625585557446,401_2.jpeg,18,9
1625585557603,242_3.jpeg,19,9
1625585567446,242_3.jpeg,19,9
1625585567604,242_3.jpeg,19,9
1625585577446,954_1.jpeg,17,9
1625585577603,954_1.jpeg,17,9
1625585587446,401_2.jpeg,18,9
1625585587604,401_2.jpeg,18,9
1625585597446,242_3.jpeg,19,9
1625585597603,242_3.jpeg,19,9
1625585607446,954_1.jpeg,17,9
1625585607604,954_1.jpeg,17,9
1625585617446,401_2.jpeg,18,9
1625585617604,401_2.jpeg,18,9
1625585627446,242_3.jpeg,19,9
1625585627604,242_3.jpeg,19,9
1625585637446,954_1.jpeg,17,9
1625585637604,954_1.jpeg,17,9
1625585647446,401_2.jpeg,18,9
1625585647604,401_2.jpeg,18,9
1625585657446,242_3.jpeg,19,9
1625585657603,242_3.jpeg,19,9
1625585667446,954_1.jpeg,17,9
1625585667604,954_1.jpeg,17,9
1625585677446,401_2.jpeg,18,9
1625585677604,401_2.jpeg,18,9
1625585687446,242_3.jpeg,19,9
1625585687604,242_3.jpeg,19,9
1625585697446,954_1.jpeg,17,9
1625585697604,954_1.jpeg,17,9
1625585707446,401_2.jpeg,18,9
1625585707604,401_2.jpeg,18,9
1625585717446,242_3.jpeg,19,9
1625585717603,242_3.jpeg,19,9
1625585727446,954_1.jpeg,17,9
1625585727604,954_1.jpeg,17,9
1625585737446,401_2.jpeg,18,9
1625585737604,401_2.jpeg,18,9
1625585747446,242_3.jpeg,19,9
1625585747604,242_3.jpeg,19,9
1625585757446,954_1.jpeg,17,9
1625585757604,954_1.jpeg,17,9
1625585767446,401_2.jpeg,18,9
1625585767604,401_2.jpeg,18,9
1625585777446,242_3.jpeg,19,9
1625585777603,242_3.jpeg,19,9
1625585787446,954_1.jpeg,17,9
1625585787604,954_1.jpeg,17,9
1625585797446,401_2.jpeg,18,9
1625585797604,401_2.jpeg,18,9
1625585807446,242_3.jpeg,19,9
1625585807603,242_3.jpeg,19,9
1625585817446,954_1.jpeg,17,9
1625585817604,954_1.jpeg,17,9
1625585827446,401_2.jpeg,18,9
1625585827603,401_2.jpeg,18,9
1625585837446,242_3.jpeg,19,9
1625585837604,242_3.jpeg,19,9
1625585847446,954_1.jpeg,17,9
1625585847604,954_1.jpeg,17,9
1625585857446,401_2.jpeg,18,9
1625585857603,401_2.jpeg,18,9
1625585867446,242_3.jpeg,19,9
1625585867603,242_3.jpeg,19,9
1625585877446,242_3.jpeg,19,9
1625585877604,242_3.jpeg,19,9
1625585887446,954_1.jpeg,17,9
1625585887604,954_1.jpeg,17,9
1625585897446,401_2.jpeg,18,9
1625585897604,401_2.jpeg,18,9
1625585907446,242_3.jpeg,19,9
1625585907604,242_3.jpeg,19,9
1625585917446,954_1.jpeg,17,9
1625585917604,954_1.jpeg,17,9
1625585927446,401_2.jpeg,18,9
1625585927604,401_2.jpeg,18,9
1625585937446,242_3.jpeg,19,9
1625585937604,242_3.jpeg,19,9
1625585947446,954_1.jpeg,17,9
1625585947604,954_1.jpeg,17,9
1625585957446,401_2.jpeg,18,9
1625585957603,401_2.jpeg,18,9
1625585967446,242_3.jpeg,19,9
1625585967604,242_3.jpeg,19,9
1625585977446,954_1.jpeg,17,9
1625585977604,954_1.jpeg,17,9
1625585987446,401_2.jpeg,18,9
1625585987603,401_2.jpeg,18,9
1625585997446,242_3.jpeg,19,9
1625585997604,242_3.jpeg,19,9
1625586007446,954_1.jpeg,17,9
1625586007604,954_1.jpeg,17,9
1625586017446,401_2.jpeg,18,9
1625586017604,401_2.jpeg,18,9
1625586027446,242_3.jpeg,19,9
1625586027604,242_3.jpeg,19,9
1625586037446,954_1.jpeg,17,9
1625586037604,954_1.jpeg,17,9
1625586047446,401_2.jpeg,18,9
1625586047604,401_2.jpeg,18,9
1625586057446,242_3.jpeg,19,9
1625586057604,242_3.jpeg,19,9
1625586067446,954_1.jpeg,17,9
1625586067603,954_1.jpeg,17,9
1625586077446,401_2.jpeg,18,9
1625586077604,401_2.jpeg,18,9
1625586087446,242_3.jpeg,19,9
1625586087604,242_3.jpeg,19,9
1625586097446,954_1.jpeg,17,9
1625586097603,954_1.jpeg,17,9
1625586107446,401_2.jpeg,18,9
1625586107604,401_2.jpeg,18,9
1625586117446,242_3.jpeg,19,9
1625586117603,242_3.jpeg,19,9
1625586127446,954_1.jpeg,17,9
1625586127603,954_1.jpeg,17,9
1625586137446,401_2.jpeg,18,9
1625586137604,401_2.jpeg,18,9
1625586147446,242_3.jpeg,19,9
1625586147604,242_3.jpeg,19,9
1625586157446,954_1.jpeg,17,9
1625586157603,954_1.jpeg,17,9
1625586167446,401_2.jpeg,18,9
1625586167604,401_2.jpeg,18,9
1625586177446,242_3.jpeg,19,9
1625586177603,242_3.jpeg,19,9
1625586187446,242_3.jpeg,19,9
1625586187604,242_3.jpeg,19,9
1625586197446,954_1.jpeg,17,9
1625586197604,954_1.jpeg,17,9
1625586207446,401_2.jpeg,18,9
1625586207603,401_2.jpeg,18,9
1625586217446,242_3.jpeg,19,9
1625586217604,242_3.jpeg,19,9
1625586224673,401_2.jpeg,18,9
1625586224845,401_2.jpeg,18,9
1625586227446,954_1.jpeg,17,9
1625586227603,954_1.jpeg,17,9
1625586234655,401_2.jpeg,18,9
1625586234830,401_2.jpeg,18,9
1625586237446,401_2.jpeg,18,9
1625586237603,401_2.jpeg,18,9
1625586244655,242_3.jpeg,19,9
1625586244830,242_3.jpeg,19,9
1625586247446,242_3.jpeg,19,9
1625586247603,242_3.jpeg,19,9
1625586254656,954_1.jpeg,17,9
1625586254830,954_1.jpeg,17,9
1625586257446,954_1.jpeg,17,9
1625586257603,954_1.jpeg,17,9
1625586264655,401_2.jpeg,18,9
1625586264830,401_2.jpeg,18,9
1625586267446,401_2.jpeg,18,9
1625586267603,401_2.jpeg,18,9
1625586274655,242_3.jpeg,19,9
1625586274830,242_3.jpeg,19,9
1625586277446,242_3.jpeg,19,9
1625586277603,242_3.jpeg,19,9
1625586284655,954_1.jpeg,17,9
1625586284830,954_1.jpeg,17,9
1625586287446,954_1.jpeg,17,9
1625586287603,954_1.jpeg,17,9
1625586294655,401_2.jpeg,18,9
1625586294830,401_2.jpeg,18,9
1625586297446,401_2.jpeg,18,9
1625586297603,401_2.jpeg,18,9
1625586320298,401_2.jpeg,18,9
1625586320477,401_2.jpeg,18,9
1625586330288,401_2.jpeg,18,9
1625586330467,401_2.jpeg,18,9
1625586340288,242_3.jpeg,19,9
1625586340467,242_3.jpeg,19,9
1625586350288,954_1.jpeg,17,9
1625586350467,954_1.jpeg,17,9
1625586360288,401_2.jpeg,18,9
1625586360467,401_2.jpeg,18,9
1625587380985,954_1.jpeg,17,9
1625587381139,954_1.jpeg,17,9
1625587390985,401_2.jpeg,18,9
1625587391138,401_2.jpeg,18,9
1625587400985,242_3.jpeg,19,9
1625587401138,242_3.jpeg,19,9
1625587410985,954_1.jpeg,17,9
1625587411138,954_1.jpeg,17,9
1625587420985,401_2.jpeg,18,9
1625587421138,401_2.jpeg,18,9
1625587430985,242_3.jpeg,19,9
1625587431138,242_3.jpeg,19,9
1625587440985,954_1.jpeg,17,9
1625587441138,954_1.jpeg,17,9
1625587445830,954_1.jpeg,17,9
1625587446143,954_1.jpeg,17,9
1625587450985,401_2.jpeg,18,9
1625587451138,401_2.jpeg,18,9
1625587455830,401_2.jpeg,18,9
1625587456143,401_2.jpeg,18,9
1625587460985,242_3.jpeg,19,9
1625587461138,242_3.jpeg,19,9
1625587465830,242_3.jpeg,19,9
1625587466143,242_3.jpeg,19,9
1625587470985,954_1.jpeg,17,9
1625587471138,954_1.jpeg,17,9
1625587475830,954_1.jpeg,17,9
1625587476143,954_1.jpeg,17,9
1625587480987,401_2.jpeg,18,9
1625587481138,401_2.jpeg,18,9
1625587486143,401_2.jpeg,18,9
1625587485830,401_2.jpeg,18,9
1625587490985,242_3.jpeg,19,9
1625587491138,242_3.jpeg,19,9
1625587635424,401_2.jpeg,18,9
1625587771881,401_2.jpeg,18,9
1625587781874,401_2.jpeg,18,9
1625587791874,242_3.jpeg,19,9
1625587801874,954_1.jpeg,17,9
1625587809980,401_2.jpeg,18,9
1625587811874,401_2.jpeg,18,9
1625587819973,401_2.jpeg,18,9
1625587821874,242_3.jpeg,19,9
1625587829973,242_3.jpeg,19,9
1625587831874,954_1.jpeg,17,9
1625587839973,954_1.jpeg,17,9
1625587841874,401_2.jpeg,18,9
1625587849974,401_2.jpeg,18,9
1625587851874,242_3.jpeg,19,9
1625587859974,242_3.jpeg,19,9
1625587861874,954_1.jpeg,17,9
1625587869973,954_1.jpeg,17,9
1625587871874,401_2.jpeg,18,9
1625587879973,401_2.jpeg,18,9
1625587881874,242_3.jpeg,19,9
1625587889973,242_3.jpeg,19,9
1625587891874,954_1.jpeg,17,9
1625587899973,954_1.jpeg,17,9
1625587901874,401_2.jpeg,18,9
1625587906660,401_2.jpeg,18,9
1625587909973,401_2.jpeg,18,9
1625587911874,242_3.jpeg,19,9
1625587916645,401_2.jpeg,18,9
1625587919973,242_3.jpeg,19,9
1625587921874,954_1.jpeg,17,9
1625587926645,242_3.jpeg,19,9
1625587929973,954_1.jpeg,17,9
1625587931874,401_2.jpeg,18,9
1625587936645,954_1.jpeg,17,9
1625587939973,401_2.jpeg,18,9
1625587941874,242_3.jpeg,19,9
1625587946645,401_2.jpeg,18,9
1625587949973,242_3.jpeg,19,9
1625587951874,954_1.jpeg,17,9
1625587956645,242_3.jpeg,19,9
1625587959974,954_1.jpeg,17,9
1625587961874,401_2.jpeg,18,9
1625587966645,954_1.jpeg,17,9
1625587969973,401_2.jpeg,18,9
1625587971874,242_3.jpeg,19,9
1625587976645,401_2.jpeg,18,9
1625587979973,242_3.jpeg,19,9
1625587981874,954_1.jpeg,17,9
1625587986645,242_3.jpeg,19,9
1625587989974,954_1.jpeg,17,9
1625587991874,401_2.jpeg,18,9
1625587996645,954_1.jpeg,17,9
1625587999974,401_2.jpeg,18,9
1625588001874,242_3.jpeg,19,9
1625588006645,401_2.jpeg,18,9
1625588009973,242_3.jpeg,19,9
1625588011874,954_1.jpeg,17,9
1625588016645,242_3.jpeg,19,9
1625588019973,954_1.jpeg,17,9
1625588021874,401_2.jpeg,18,9
1625588026645,954_1.jpeg,17,9
1625588029973,401_2.jpeg,18,9
1625588031874,242_3.jpeg,19,9
1625588036645,401_2.jpeg,18,9
1625588039973,242_3.jpeg,19,9
1625588041874,954_1.jpeg,17,9
1625588046645,242_3.jpeg,19,9
1625588049974,954_1.jpeg,17,9
1625588051874,401_2.jpeg,18,9
1625588056645,954_1.jpeg,17,9
1625588059973,401_2.jpeg,18,9
1625588061874,242_3.jpeg,19,9
1625588066645,401_2.jpeg,18,9
1625588069973,242_3.jpeg,19,9
1625588071877,954_1.jpeg,17,9
1625588076645,242_3.jpeg,19,9
1625588079973,954_1.jpeg,17,9
1625588081874,401_2.jpeg,18,9
1625588086645,954_1.jpeg,17,9
1625588089973,401_2.jpeg,18,9
1625588091874,242_3.jpeg,19,9
1625588096645,401_2.jpeg,18,9
1625588099973,242_3.jpeg,19,9
1625588101874,242_3.jpeg,19,9
1625588106645,242_3.jpeg,19,9
1625588109973,954_1.jpeg,17,9
1625588111874,954_1.jpeg,17,9
1625588116645,954_1.jpeg,17,9
1625588119973,401_2.jpeg,18,9
1625588121874,401_2.jpeg,18,9
1625588126645,401_2.jpeg,18,9
1625588178434,401_2.jpeg,18,9
1625588188426,401_2.jpeg,18,9
1625588198426,242_3.jpeg,19,9
1625588208426,954_1.jpeg,17,9
1625588218426,401_2.jpeg,18,9
1625588228426,242_3.jpeg,19,9
1625588238426,954_1.jpeg,17,9
1625588248426,401_2.jpeg,18,9
1625588258426,242_3.jpeg,19,9
1625588268426,954_1.jpeg,17,9
1625588278426,401_2.jpeg,18,9
1625588288426,242_3.jpeg,19,9
1625588298426,954_1.jpeg,17,9
1625588308426,401_2.jpeg,18,9
1625588318426,242_3.jpeg,19,9
1625588328426,954_1.jpeg,17,9
1625588338426,401_2.jpeg,18,9
1625588348426,242_3.jpeg,19,9
1625588358426,954_1.jpeg,17,9
1625588368426,401_2.jpeg,18,9
1625588378426,242_3.jpeg,19,9
1625588388426,954_1.jpeg,17,9
1625588398426,401_2.jpeg,18,9
1625588408426,242_3.jpeg,19,9
1625588418426,954_1.jpeg,17,9
1625588428426,401_2.jpeg,18,9
1625588438426,242_3.jpeg,19,9
1625588448426,954_1.jpeg,17,9
1625588458426,401_2.jpeg,18,9
1625588468426,242_3.jpeg,19,9
1625588478426,954_1.jpeg,17,9
1625588488427,401_2.jpeg,18,9
1625588498432,242_3.jpeg,19,9
1625588508426,242_3.jpeg,19,9
1625588518426,954_1.jpeg,17,9
1625588528426,401_2.jpeg,18,9
1625588538426,242_3.jpeg,19,9
1625588548426,954_1.jpeg,17,9
1625588558426,401_2.jpeg,18,9
1625588568426,242_3.jpeg,19,9
1625588578426,954_1.jpeg,17,9
1625588588426,401_2.jpeg,18,9
1625588598426,242_3.jpeg,19,9
1625588608426,954_1.jpeg,17,9
1625588618426,401_2.jpeg,18,9
1625588628426,242_3.jpeg,19,9
1625588638426,954_1.jpeg,17,9
1625588648426,401_2.jpeg,18,9
1625588658426,242_3.jpeg,19,9
1625588668426,954_1.jpeg,17,9
1625588678426,401_2.jpeg,18,9
1625588688426,242_3.jpeg,19,9
1625588698426,954_1.jpeg,17,9
1625588708426,401_2.jpeg,18,9
1625588718426,242_3.jpeg,19,9
1625588728426,954_1.jpeg,17,9
1625588738426,401_2.jpeg,18,9
1625588748426,242_3.jpeg,19,9
1625588758426,954_1.jpeg,17,9
1625588768426,401_2.jpeg,18,9
1625588778426,242_3.jpeg,19,9
1625588788426,954_1.jpeg,17,9
1625588798426,401_2.jpeg,18,9
1625588808426,242_3.jpeg,19,9
1625588818426,954_1.jpeg,17,9
1625588828426,954_1.jpeg,17,9
1625588838426,401_2.jpeg,18,9
1625588848426,242_3.jpeg,19,9
1625588858426,954_1.jpeg,17,9
1625588868426,401_2.jpeg,18,9
1625588878426,242_3.jpeg,19,9
1625588888426,954_1.jpeg,17,9
1625588898426,401_2.jpeg,18,9
1625588908426,242_3.jpeg,19,9
1625588918426,954_1.jpeg,17,9
1625588928426,401_2.jpeg,18,9
1625588938426,242_3.jpeg,19,9
1625588948426,954_1.jpeg,17,9
1625588958426,401_2.jpeg,18,9
1625588968426,242_3.jpeg,19,9
1625588978426,954_1.jpeg,17,9
1625588988426,401_2.jpeg,18,9
1625588998426,242_3.jpeg,19,9
1625589008426,954_1.jpeg,17,9
1625589018426,401_2.jpeg,18,9
1625589028426,242_3.jpeg,19,9
1625589038426,954_1.jpeg,17,9
1625589048426,401_2.jpeg,18,9
1625589058426,242_3.jpeg,19,9
1625589068426,954_1.jpeg,17,9
1625589078426,401_2.jpeg,18,9
1625589088426,242_3.jpeg,19,9
1625589098426,954_1.jpeg,17,9
1625589108426,401_2.jpeg,18,9
1625589118426,242_3.jpeg,19,9
1625589128426,954_1.jpeg,17,9
1625589138426,401_2.jpeg,18,9
1625589148428,242_3.jpeg,19,9
1625589158426,242_3.jpeg,19,9
1625589168426,954_1.jpeg,17,9
1625589178426,401_2.jpeg,18,9
1625589188426,242_3.jpeg,19,9
1625589198426,954_1.jpeg,17,9
1625589208426,401_2.jpeg,18,9
1625589218426,242_3.jpeg,19,9
1625589228426,954_1.jpeg,17,9
1625589238426,401_2.jpeg,18,9
1625589248426,242_3.jpeg,19,9
1625589258426,954_1.jpeg,17,9
1625589268426,401_2.jpeg,18,9
1625589278426,242_3.jpeg,19,9
1625589288426,954_1.jpeg,17,9
1625589298426,401_2.jpeg,18,9
1625589308426,242_3.jpeg,19,9
1625589318426,954_1.jpeg,17,9
1625589328426,401_2.jpeg,18,9
1625589338426,242_3.jpeg,19,9
1625589348426,954_1.jpeg,17,9
1625589358426,401_2.jpeg,18,9
1625589368426,242_3.jpeg,19,9
1625589378426,954_1.jpeg,17,9
1625589388426,401_2.jpeg,18,9
1625589398426,242_3.jpeg,19,9
1625589408426,954_1.jpeg,17,9
1625589418426,401_2.jpeg,18,9
1625589428426,242_3.jpeg,19,9
1625589438426,954_1.jpeg,17,9
1625589448426,401_2.jpeg,18,9
1625589458426,242_3.jpeg,19,9
1625589468426,954_1.jpeg,17,9
1625589478426,954_1.jpeg,17,9
1625589488426,401_2.jpeg,18,9
1625589498426,242_3.jpeg,19,9
1625589508426,954_1.jpeg,17,9
1625589518426,401_2.jpeg,18,9
1625589528426,242_3.jpeg,19,9
1625589538426,954_1.jpeg,17,9
1625589548426,401_2.jpeg,18,9
1625589558426,242_3.jpeg,19,9
1625589568426,954_1.jpeg,17,9
1625589578426,401_2.jpeg,18,9
1625589588426,242_3.jpeg,19,9
1625589598426,954_1.jpeg,17,9
1625589608426,401_2.jpeg,18,9
1625589618426,242_3.jpeg,19,9
1625589628426,954_1.jpeg,17,9
1625589638426,401_2.jpeg,18,9
1625589648426,242_3.jpeg,19,9
1625589658426,954_1.jpeg,17,9
1625589668426,401_2.jpeg,18,9
1625589678426,242_3.jpeg,19,9
1625589688426,954_1.jpeg,17,9
1625589698426,401_2.jpeg,18,9
1625589708426,242_3.jpeg,19,9
1625589718426,954_1.jpeg,17,9
1625589728426,401_2.jpeg,18,9
1625589738426,242_3.jpeg,19,9
1625589748426,954_1.jpeg,17,9
1625589758426,401_2.jpeg,18,9
1625589768426,242_3.jpeg,19,9
1625589778426,954_1.jpeg,17,9
1625589788426,401_2.jpeg,18,9
1625589798426,242_3.jpeg,19,9
1625589808426,242_3.jpeg,19,9
1625589818426,954_1.jpeg,17,9
1625589828426,401_2.jpeg,18,9
1625589838426,242_3.jpeg,19,9
1625589848426,954_1.jpeg,17,9
1625589858426,401_2.jpeg,18,9
1625589868426,242_3.jpeg,19,9
1625589878426,954_1.jpeg,17,9
1625589888426,401_2.jpeg,18,9
1625589898426,242_3.jpeg,19,9
1625589908426,954_1.jpeg,17,9
1625589918426,401_2.jpeg,18,9
1625589928426,242_3.jpeg,19,9
1625589938426,954_1.jpeg,17,9
1625589948426,401_2.jpeg,18,9
1625589958426,242_3.jpeg,19,9
1625589968426,954_1.jpeg,17,9
1625589978426,401_2.jpeg,18,9
1625589988426,242_3.jpeg,19,9
1625589998426,954_1.jpeg,17,9
1625590008426,401_2.jpeg,18,9
1625590018426,242_3.jpeg,19,9
1625590028426,954_1.jpeg,17,9
1625590038426,401_2.jpeg,18,9
1625590048426,242_3.jpeg,19,9
1625590058426,954_1.jpeg,17,9
1625590068426,401_2.jpeg,18,9
1625590078426,242_3.jpeg,19,9
1625590088426,954_1.jpeg,17,9
1625590098426,401_2.jpeg,18,9
1625590108426,242_3.jpeg,19,9
1625590118426,954_1.jpeg,17,9
1625590128426,954_1.jpeg,17,9
1625590138426,401_2.jpeg,18,9
1625590148426,242_3.jpeg,19,9
1625590158426,954_1.jpeg,17,9
1625590168426,401_2.jpeg,18,9
1625590178426,242_3.jpeg,19,9
1625590188426,954_1.jpeg,17,9
1625590198426,401_2.jpeg,18,9
1625590208426,242_3.jpeg,19,9
1625590218426,954_1.jpeg,17,9
1625590228426,401_2.jpeg,18,9
1625590238426,242_3.jpeg,19,9
1625590248426,954_1.jpeg,17,9
1625590258426,401_2.jpeg,18,9
1625590268426,242_3.jpeg,19,9
1625590278426,954_1.jpeg,17,9
1625590288426,401_2.jpeg,18,9
1625590298426,242_3.jpeg,19,9
1625590308426,954_1.jpeg,17,9
1625590318426,401_2.jpeg,18,9
1625590328426,242_3.jpeg,19,9
1625590338426,954_1.jpeg,17,9
1625590348426,401_2.jpeg,18,9
1625590358426,242_3.jpeg,19,9
1625590368426,954_1.jpeg,17,9
1625590378426,401_2.jpeg,18,9
1625590388426,242_3.jpeg,19,9
1625590398426,954_1.jpeg,17,9
1625590408426,401_2.jpeg,18,9
1625590418426,242_3.jpeg,19,9
1625590428426,954_1.jpeg,17,9
1625590438426,401_2.jpeg,18,9
1625590448426,242_3.jpeg,19,9
1625590458426,242_3.jpeg,19,9
1625590468426,954_1.jpeg,17,9
1625590478426,401_2.jpeg,18,9
1625590488426,242_3.jpeg,19,9
1625590498426,954_1.jpeg,17,9
1625590508426,401_2.jpeg,18,9
1625590518426,242_3.jpeg,19,9
1625590528426,954_1.jpeg,17,9
1625590538426,401_2.jpeg,18,9
1625590548426,242_3.jpeg,19,9
1625590558426,954_1.jpeg,17,9
1625590568426,401_2.jpeg,18,9
1625590578426,242_3.jpeg,19,9
1625590588426,954_1.jpeg,17,9
1625590598426,401_2.jpeg,18,9
1625590608426,242_3.jpeg,19,9
1625590618426,954_1.jpeg,17,9
1625590628426,401_2.jpeg,18,9
1625590638426,242_3.jpeg,19,9
1625590648426,954_1.jpeg,17,9
1625590658426,401_2.jpeg,18,9
1625590668426,242_3.jpeg,19,9
1625590678426,954_1.jpeg,17,9
1625590688426,401_2.jpeg,18,9
1625590698426,242_3.jpeg,19,9
1625590708426,954_1.jpeg,17,9
1625590718426,401_2.jpeg,18,9
1625590728426,242_3.jpeg,19,9
1625590738426,954_1.jpeg,17,9
1625590748426,401_2.jpeg,18,9
1625590758426,242_3.jpeg,19,9
1625590768426,954_1.jpeg,17,9
1625590778426,954_1.jpeg,17,9
1625590788426,401_2.jpeg,18,9
1625590798426,242_3.jpeg,19,9
1625590808426,954_1.jpeg,17,9
1625590818426,401_2.jpeg,18,9
1625590828426,242_3.jpeg,19,9
1625590838426,954_1.jpeg,17,9
1625590848426,401_2.jpeg,18,9
1625590858426,242_3.jpeg,19,9
1625590868426,954_1.jpeg,17,9
1625590878426,401_2.jpeg,18,9
1625590888426,242_3.jpeg,19,9
1625590898426,954_1.jpeg,17,9
1625590908426,401_2.jpeg,18,9
1625590918426,242_3.jpeg,19,9
1625590928426,954_1.jpeg,17,9
1625590938426,401_2.jpeg,18,9
1625590948426,242_3.jpeg,19,9
1625590958426,954_1.jpeg,17,9
1625590968426,401_2.jpeg,18,9
1625590978426,242_3.jpeg,19,9
1625590988426,954_1.jpeg,17,9
1625590998426,401_2.jpeg,18,9
1625591008426,242_3.jpeg,19,9
1625591018426,954_1.jpeg,17,9
1625591028426,401_2.jpeg,18,9
1625591038426,242_3.jpeg,19,9
1625591048426,954_1.jpeg,17,9
1625591058426,401_2.jpeg,18,9
1625591068426,242_3.jpeg,19,9
1625591078426,954_1.jpeg,17,9
1625591088426,401_2.jpeg,18,9
1625591098426,242_3.jpeg,19,9
1625591108426,242_3.jpeg,19,9
1625591118426,954_1.jpeg,17,9
1625591128426,401_2.jpeg,18,9
1625591138426,242_3.jpeg,19,9
1625591148426,954_1.jpeg,17,9
1625591158426,401_2.jpeg,18,9
1625591168426,242_3.jpeg,19,9
1625591178426,954_1.jpeg,17,9
1625591188426,401_2.jpeg,18,9
1625591198426,242_3.jpeg,19,9
1625591208426,954_1.jpeg,17,9
1625591218426,401_2.jpeg,18,9
1625591228426,242_3.jpeg,19,9
1625591238426,954_1.jpeg,17,9
1625591248426,401_2.jpeg,18,9
1625591258426,242_3.jpeg,19,9
1625591268426,954_1.jpeg,17,9
1625591278426,401_2.jpeg,18,9
1625591288426,242_3.jpeg,19,9
1625591298426,954_1.jpeg,17,9
1625591308426,401_2.jpeg,18,9
1625591318426,242_3.jpeg,19,9
1625591328426,954_1.jpeg,17,9
1625591338426,401_2.jpeg,18,9
1625591348426,242_3.jpeg,19,9
1625591358426,954_1.jpeg,17,9
1625591368426,401_2.jpeg,18,9
1625591378426,242_3.jpeg,19,9
1625591388426,954_1.jpeg,17,9
1625591398426,401_2.jpeg,18,9
1625591408426,242_3.jpeg,19,9
1625591418426,954_1.jpeg,17,9
1625591428426,954_1.jpeg,17,9
1625591438426,401_2.jpeg,18,9
1625591448426,242_3.jpeg,19,9
1625591458426,954_1.jpeg,17,9
1625591468426,401_2.jpeg,18,9
1625591478426,242_3.jpeg,19,9
1625591488426,954_1.jpeg,17,9
1625591498426,401_2.jpeg,18,9
1625591508426,242_3.jpeg,19,9
1625591518426,954_1.jpeg,17,9
1625591528426,401_2.jpeg,18,9
1625591538426,242_3.jpeg,19,9
1625591548426,954_1.jpeg,17,9
1625591558426,401_2.jpeg,18,9
1625591568426,242_3.jpeg,19,9
1625591578426,954_1.jpeg,17,9
1625591588426,401_2.jpeg,18,9
1625591598426,242_3.jpeg,19,9
1625591608426,954_1.jpeg,17,9
1625591618426,401_2.jpeg,18,9
1625591628426,242_3.jpeg,19,9
1625591638426,954_1.jpeg,17,9
1625591648426,401_2.jpeg,18,9
1625591658426,242_3.jpeg,19,9
1625591668426,954_1.jpeg,17,9
1625591678426,401_2.jpeg,18,9
1625591688426,242_3.jpeg,19,9
1625591698426,954_1.jpeg,17,9
1625591708426,401_2.jpeg,18,9
1625591718426,242_3.jpeg,19,9
1625591728426,954_1.jpeg,17,9
1625591738426,401_2.jpeg,18,9
1625591748426,242_3.jpeg,19,9
1625591758426,242_3.jpeg,19,9
1625591768426,954_1.jpeg,17,9
1625591778426,401_2.jpeg,18,9
1625591788426,242_3.jpeg,19,9
1625591798426,954_1.jpeg,17,9
1625591808426,401_2.jpeg,18,9
1625591818426,242_3.jpeg,19,9
1625591828426,954_1.jpeg,17,9
1625591838426,401_2.jpeg,18,9
1625591848426,242_3.jpeg,19,9
1625591858426,954_1.jpeg,17,9
1625591868426,401_2.jpeg,18,9
1625591878426,242_3.jpeg,19,9
1625591888426,954_1.jpeg,17,9
1625591898426,401_2.jpeg,18,9
1625591908426,242_3.jpeg,19,9
1625591918426,954_1.jpeg,17,9
1625591928426,401_2.jpeg,18,9
1625591938426,242_3.jpeg,19,9
1625591948426,954_1.jpeg,17,9
1625591958426,401_2.jpeg,18,9
1625591968426,242_3.jpeg,19,9
1625591978426,954_1.jpeg,17,9
1625591988426,401_2.jpeg,18,9
1625591998426,242_3.jpeg,19,9
1625592008426,954_1.jpeg,17,9
1625592018426,401_2.jpeg,18,9
1625592028426,242_3.jpeg,19,9
1625592038426,954_1.jpeg,17,9
1625592048426,401_2.jpeg,18,9
1625592058426,242_3.jpeg,19,9
1625592068426,954_1.jpeg,17,9
1625592078426,954_1.jpeg,17,9
1625592088426,401_2.jpeg,18,9
1625592098426,242_3.jpeg,19,9
1625592108426,954_1.jpeg,17,9
1625592118426,401_2.jpeg,18,9
1625592128426,242_3.jpeg,19,9
1625592138426,954_1.jpeg,17,9
1625592148426,401_2.jpeg,18,9
1625592158426,242_3.jpeg,19,9
1625592168426,954_1.jpeg,17,9
1625592178426,401_2.jpeg,18,9
1625592188426,242_3.jpeg,19,9
1625592198426,954_1.jpeg,17,9
1625592208426,401_2.jpeg,18,9
1625592218426,242_3.jpeg,19,9
1625592228426,954_1.jpeg,17,9
1625592238426,401_2.jpeg,18,9
1625592248426,242_3.jpeg,19,9
1625592258426,954_1.jpeg,17,9
1625592268426,401_2.jpeg,18,9
1625592278426,242_3.jpeg,19,9
1625592288426,954_1.jpeg,17,9
1625592298426,401_2.jpeg,18,9
1625592308426,242_3.jpeg,19,9
1625592318426,954_1.jpeg,17,9
1625592328426,401_2.jpeg,18,9
1625592338426,242_3.jpeg,19,9
1625592348426,954_1.jpeg,17,9
1625592358426,401_2.jpeg,18,9
1625592368426,242_3.jpeg,19,9
1625592378426,954_1.jpeg,17,9
1625592388426,401_2.jpeg,18,9
1625592398426,242_3.jpeg,19,9
1625592408426,242_3.jpeg,19,9
1625592418426,954_1.jpeg,17,9
1625592428426,401_2.jpeg,18,9
1625592438426,242_3.jpeg,19,9
1625592448426,954_1.jpeg,17,9
1625592458426,401_2.jpeg,18,9
1625592468426,242_3.jpeg,19,9
1625592478426,954_1.jpeg,17,9
1625593596758,401_2.jpeg,18,9
1625593606742,401_2.jpeg,18,9
1625593616742,242_3.jpeg,19,9
1625594078831,401_2.jpeg,18,9
1625594088807,401_2.jpeg,18,9
1625594098807,242_3.jpeg,19,9
1625594108807,954_1.jpeg,17,9
1625594118807,401_2.jpeg,18,9
1625594128807,242_3.jpeg,19,9
1625594231025,401_2.jpeg,18,9
1625594256235,401_2.jpeg,18,9
1625594266227,401_2.jpeg,18,9
1625594276227,242_3.jpeg,19,9
1625594286227,954_1.jpeg,17,9
1625594296227,401_2.jpeg,18,9
1625594306227,242_3.jpeg,19,9
1625594316227,954_1.jpeg,17,9
1625594326227,401_2.jpeg,18,9
1625594336227,242_3.jpeg,19,9
1625594346227,954_1.jpeg,17,9
1625594356227,401_2.jpeg,18,9
1625594366227,242_3.jpeg,19,9
1625594524650,401_2.jpeg,18,9
1625594534638,401_2.jpeg,18,9
1625594544638,242_3.jpeg,19,9
1625594554638,954_1.jpeg,17,9
1625594564638,401_2.jpeg,18,9
1625594574638,242_3.jpeg,19,9
1625594584638,954_1.jpeg,17,9
1625594594639,401_2.jpeg,18,9
1625594604638,242_3.jpeg,19,9
1625594614638,954_1.jpeg,17,9
1625594624638,401_2.jpeg,18,9
1625594634638,242_3.jpeg,19,9
1625594644638,954_1.jpeg,17,9
1625594654638,401_2.jpeg,18,9
1625594664638,242_3.jpeg,19,9
1625594674638,954_1.jpeg,17,9
1625594684638,401_2.jpeg,18,9
1625594694638,242_3.jpeg,19,9
1625594704638,954_1.jpeg,17,9
1625594714638,401_2.jpeg,18,9
1625594724638,242_3.jpeg,19,9
1625594734434,401_2.jpeg,18,9
1625594734638,954_1.jpeg,17,9
1625594744424,401_2.jpeg,18,9
1625594744638,401_2.jpeg,18,9
1625594754424,242_3.jpeg,19,9
1625594754638,242_3.jpeg,19,9
1625594757146,401_2.jpeg,18,9
1625594764424,954_1.jpeg,17,9
1625594764638,954_1.jpeg,17,9
1625594767134,401_2.jpeg,18,9
1625594774424,401_2.jpeg,18,9
1625594774639,401_2.jpeg,18,9
1625594777134,242_3.jpeg,19,9
1625594784424,242_3.jpeg,19,9
1625594784638,242_3.jpeg,19,9
1625594787134,954_1.jpeg,17,9
1625594794424,954_1.jpeg,17,9
1625594794640,954_1.jpeg,17,9
1625594797134,401_2.jpeg,18,9
1625594804424,401_2.jpeg,18,9
1625594804638,401_2.jpeg,18,9
1625595303919,401_2.jpeg,18,9
1625595313909,401_2.jpeg,18,9
1625595323909,242_3.jpeg,19,9
1625595333909,954_1.jpeg,17,9
1625595343909,401_2.jpeg,18,9
1625595353909,242_3.jpeg,19,9
1625595363909,954_1.jpeg,17,9
1625595373911,401_2.jpeg,18,9
1625595383909,242_3.jpeg,19,9
1625595393909,954_1.jpeg,17,9
1625595620701,401_2.jpeg,18,9
1625595630693,401_2.jpeg,18,9
1625595640693,242_3.jpeg,19,9
1625595650693,954_1.jpeg,17,9
1625595660693,401_2.jpeg,18,9
1625595670693,242_3.jpeg,19,9
1625595680693,954_1.jpeg,17,9
1625595690693,401_2.jpeg,18,9
1625595700693,242_3.jpeg,19,9
1625595708349,401_2.jpeg,18,9
1625595710693,954_1.jpeg,17,9
1625595718340,401_2.jpeg,18,9
1625595720693,401_2.jpeg,18,9
1625595728340,242_3.jpeg,19,9
1625595730693,242_3.jpeg,19,9
1625595738340,954_1.jpeg,17,9
1625595740693,954_1.jpeg,17,9
1625595748340,401_2.jpeg,18,9
1625595750693,401_2.jpeg,18,9
1625595758340,242_3.jpeg,19,9
1625595760693,242_3.jpeg,19,9
1625595768340,954_1.jpeg,17,9
1625595770693,954_1.jpeg,17,9
1625595778340,401_2.jpeg,18,9
1625595780693,401_2.jpeg,18,9
1625595788340,242_3.jpeg,19,9
1625595790693,242_3.jpeg,19,9
1625595798340,954_1.jpeg,17,9
1625595800693,954_1.jpeg,17,9
1625595808340,401_2.jpeg,18,9
1625595810693,401_2.jpeg,18,9
1625595818340,242_3.jpeg,19,9
1625595820693,242_3.jpeg,19,9
1625595828340,954_1.jpeg,17,9
1625595830693,954_1.jpeg,17,9
1625601019952,401_2.jpeg,18,9
1625601029946,401_2.jpeg,18,9
1625601039946,242_3.jpeg,19,9
1625601049946,954_1.jpeg,17,9
1625601059946,401_2.jpeg,18,9
1625601069946,242_3.jpeg,19,9
1625601079946,954_1.jpeg,17,9
1625601089946,401_2.jpeg,18,9
1625601099946,242_3.jpeg,19,9
1625601109946,954_1.jpeg,17,9
1625601468240,401_2.jpeg,18,9
1625601478230,401_2.jpeg,18,9
1625601488230,242_3.jpeg,19,9
1625601498230,954_1.jpeg,17,9
1625601508230,401_2.jpeg,18,9
1625601518230,242_3.jpeg,19,9
1625601528230,954_1.jpeg,17,9
1625601538230,401_2.jpeg,18,9
1625601544680,401_2.jpeg,18,9
1625601548230,242_3.jpeg,19,9
1625601554672,401_2.jpeg,18,9
1625601558230,954_1.jpeg,17,9
1625601564672,242_3.jpeg,19,9
1625601568230,401_2.jpeg,18,9
1625601574672,954_1.jpeg,17,9
1625601578230,242_3.jpeg,19,9
1625601584672,401_2.jpeg,18,9
1625601588230,954_1.jpeg,17,9
1625601594672,242_3.jpeg,19,9
1625601598230,401_2.jpeg,18,9
1625601604672,954_1.jpeg,17,9
1625601608230,242_3.jpeg,19,9
1625601614672,401_2.jpeg,18,9
1625601618230,954_1.jpeg,17,9
1625601624672,242_3.jpeg,19,9
1625601628230,401_2.jpeg,18,9
1625601634672,954_1.jpeg,17,9
1625601638230,242_3.jpeg,19,9
1625601644672,401_2.jpeg,18,9
1625601648230,954_1.jpeg,17,9
1625601654672,242_3.jpeg,19,9
1625601658230,401_2.jpeg,18,9
1625601664672,954_1.jpeg,17,9
1625601668230,242_3.jpeg,19,9
1625601674672,401_2.jpeg,18,9
1625601678230,954_1.jpeg,17,9
1625601684672,242_3.jpeg,19,9
1625601688230,401_2.jpeg,18,9
1625601694672,954_1.jpeg,17,9
1625601698230,242_3.jpeg,19,9
1625606304051,401_2.jpeg,18,9
1625606314045,401_2.jpeg,18,9
1625606324045,242_3.jpeg,19,9
1625606334045,954_1.jpeg,17,9
1625606344045,401_2.jpeg,18,9
1625606354045,242_3.jpeg,19,9
1625606364045,954_1.jpeg,17,9
1625606374045,401_2.jpeg,18,9
1625606382619,401_2.jpeg,18,9
1625606384045,242_3.jpeg,19,9
1625606392611,401_2.jpeg,18,9
1625606394045,954_1.jpeg,17,9
1625606402611,242_3.jpeg,19,9
1625606404045,401_2.jpeg,18,9
1625606412611,954_1.jpeg,17,9
1625606414045,401_2.jpeg,18,9
1625606422611,954_1.jpeg,17,9
1625606424046,401_2.jpeg,18,9
1625606432611,954_1.jpeg,17,9
1625606434045,401_2.jpeg,18,9
1625606442611,401_2.jpeg,18,9
1625606444045,242_3.jpeg,19,9
1625606452611,242_3.jpeg,19,9
1625606454045,954_1.jpeg,17,9
1625606462611,954_1.jpeg,17,9
1625606464045,401_2.jpeg,18,9
1625606472611,954_1.jpeg,17,9
1625606474045,401_2.jpeg,18,9
1625606482611,954_1.jpeg,17,9
1625606484045,401_2.jpeg,18,9
1625606507436,401_2.jpeg,18,9
1625606507442,954_1.jpeg,17,9
1625606512611,954_1.jpeg,17,9
1625606514045,401_2.jpeg,18,9
1625606522611,401_2.jpeg,18,9
1625606524045,242_3.jpeg,19,9
1625606532611,242_3.jpeg,19,9
1625606534045,954_1.jpeg,17,9
1625606542611,954_1.jpeg,17,9
1625606544045,401_2.jpeg,18,9
1625606547114,401_2.jpeg,18,9
1625606552611,401_2.jpeg,18,9
1625606554046,242_3.jpeg,19,9
1625606557104,401_2.jpeg,18,9
1625606562611,401_2.jpeg,18,9
1625606564046,242_3.jpeg,19,9
1625606567104,401_2.jpeg,18,9
1625606572611,401_2.jpeg,18,9
1625606574045,242_3.jpeg,19,9
1625606577104,401_2.jpeg,18,9
1625606584686,242_3.jpeg,19,9
1625606584679,401_2.jpeg,18,9
1625606587104,401_2.jpeg,18,9
1625608977184,401_2.jpeg,18,9
1625608987177,401_2.jpeg,18,9
1625608997177,242_3.jpeg,19,9
1625609007177,954_1.jpeg,17,9
1625609017177,401_2.jpeg,18,9
1625609027177,242_3.jpeg,19,9
1625609037177,954_1.jpeg,17,9
1625609047177,401_2.jpeg,18,9
1625609057177,242_3.jpeg,19,9
1625609067177,954_1.jpeg,17,9
1625609077177,401_2.jpeg,18,9
1625609087177,242_3.jpeg,19,9
1625609097177,954_1.jpeg,17,9
1625609107177,401_2.jpeg,18,9
1625609117177,242_3.jpeg,19,9
1625609127177,954_1.jpeg,17,9
1625609137177,401_2.jpeg,18,9
1625609147177,242_3.jpeg,19,9
1625609157177,954_1.jpeg,17,9
1625609167177,401_2.jpeg,18,9
1625609177177,242_3.jpeg,19,9
1625609187177,954_1.jpeg,17,9
1625609197177,401_2.jpeg,18,9
1625609207177,242_3.jpeg,19,9
1625609217177,954_1.jpeg,17,9
1625609227177,401_2.jpeg,18,9
1625609237177,242_3.jpeg,19,9
1625609247177,954_1.jpeg,17,9
1625609257177,401_2.jpeg,18,9
1625609267177,242_3.jpeg,19,9
1625609277177,954_1.jpeg,17,9
1625609287177,401_2.jpeg,18,9
1625609297177,242_3.jpeg,19,9
1625609307177,242_3.jpeg,19,9
1625609317177,954_1.jpeg,17,9
1625609327177,401_2.jpeg,18,9
1625609337177,242_3.jpeg,19,9
1625609347177,954_1.jpeg,17,9
1625609357177,401_2.jpeg,18,9
1625609367177,242_3.jpeg,19,9
1625609377177,954_1.jpeg,17,9
1625609387177,401_2.jpeg,18,9
1625609397177,242_3.jpeg,19,9
1625609407177,954_1.jpeg,17,9
1625609417177,401_2.jpeg,18,9
1625609427177,242_3.jpeg,19,9
1625609437177,954_1.jpeg,17,9
1625609447177,401_2.jpeg,18,9
1625609457177,242_3.jpeg,19,9
1625609467177,954_1.jpeg,17,9
1625609477177,401_2.jpeg,18,9
1625609487177,242_3.jpeg,19,9
1625609497177,954_1.jpeg,17,9
1625609507177,401_2.jpeg,18,9
1625609517177,242_3.jpeg,19,9
1625609527177,954_1.jpeg,17,9
1625609537177,401_2.jpeg,18,9
1625609547177,242_3.jpeg,19,9
1625609557177,954_1.jpeg,17,9
1625609567177,401_2.jpeg,18,9
1625609577177,242_3.jpeg,19,9
1625609587177,954_1.jpeg,17,9
1625609597177,401_2.jpeg,18,9
1625609607177,242_3.jpeg,19,9
1625609617177,954_1.jpeg,17,9
1625609627177,954_1.jpeg,17,9
1625609637177,401_2.jpeg,18,9
1625609647177,242_3.jpeg,19,9
1625609657177,954_1.jpeg,17,9
1625609667177,401_2.jpeg,18,9
1625609677177,242_3.jpeg,19,9
1625609687177,954_1.jpeg,17,9
1625609697177,401_2.jpeg,18,9
1625609707177,242_3.jpeg,19,9
1625609717177,954_1.jpeg,17,9
1625609727177,401_2.jpeg,18,9
1625609737177,242_3.jpeg,19,9
1625609747177,954_1.jpeg,17,9
1625609757177,401_2.jpeg,18,9
1625609767177,242_3.jpeg,19,9
1625609777177,954_1.jpeg,17,9
1625609787177,401_2.jpeg,18,9
1625609797177,242_3.jpeg,19,9
1625609807177,954_1.jpeg,17,9
1625609817177,401_2.jpeg,18,9
1625609827177,242_3.jpeg,19,9
1625609837177,954_1.jpeg,17,9
1625609847177,401_2.jpeg,18,9
1625609857177,242_3.jpeg,19,9
1625609867177,954_1.jpeg,17,9
1625609877177,401_2.jpeg,18,9
1625609887177,242_3.jpeg,19,9
1625609897177,954_1.jpeg,17,9
1625609907177,401_2.jpeg,18,9
1625609917177,242_3.jpeg,19,9
1625609927177,954_1.jpeg,17,9
1625609937177,401_2.jpeg,18,9
1625609947177,242_3.jpeg,19,9
1625609957177,242_3.jpeg,19,9
1625609967177,954_1.jpeg,17,9
1625609977177,401_2.jpeg,18,9
1625609987177,242_3.jpeg,19,9
1625609997177,954_1.jpeg,17,9
1625610007177,401_2.jpeg,18,9
1625610017177,242_3.jpeg,19,9
1625610027177,954_1.jpeg,17,9
1625610037177,401_2.jpeg,18,9
1625610047177,242_3.jpeg,19,9
1625610057177,954_1.jpeg,17,9
1625610067177,401_2.jpeg,18,9
1625610077177,242_3.jpeg,19,9
1625610087177,954_1.jpeg,17,9
1625610097177,401_2.jpeg,18,9
1625610107177,242_3.jpeg,19,9
1625610117177,954_1.jpeg,17,9
1625610127177,401_2.jpeg,18,9
1625610137177,242_3.jpeg,19,9
1625610147177,954_1.jpeg,17,9
1625610157177,401_2.jpeg,18,9
1625610167177,242_3.jpeg,19,9
1625610177177,954_1.jpeg,17,9
1625610187177,401_2.jpeg,18,9
1625610197177,242_3.jpeg,19,9
1625610207177,954_1.jpeg,17,9
1625610217177,401_2.jpeg,18,9
1625610227177,242_3.jpeg,19,9
1625610237177,954_1.jpeg,17,9
1625610247177,401_2.jpeg,18,9
1625610257177,242_3.jpeg,19,9
1625610267177,954_1.jpeg,17,9
1625610277177,954_1.jpeg,17,9
1625610287177,401_2.jpeg,18,9
1625610297177,242_3.jpeg,19,9
1625610307177,954_1.jpeg,17,9
1625610317177,401_2.jpeg,18,9
1625610327177,242_3.jpeg,19,9
1625610337177,954_1.jpeg,17,9
1625610347177,401_2.jpeg,18,9
1625610357177,242_3.jpeg,19,9
1625610367177,954_1.jpeg,17,9
1625610377177,401_2.jpeg,18,9
1625610387177,242_3.jpeg,19,9
1625610397177,954_1.jpeg,17,9
1625610407177,401_2.jpeg,18,9
1625610417177,242_3.jpeg,19,9
1625610427177,954_1.jpeg,17,9
1625610437177,401_2.jpeg,18,9
1625610447177,242_3.jpeg,19,9
1625610457177,954_1.jpeg,17,9
1625610467177,401_2.jpeg,18,9
1625610477177,242_3.jpeg,19,9
1625610487177,954_1.jpeg,17,9
1625610497177,401_2.jpeg,18,9
1625610507177,242_3.jpeg,19,9
1625610517177,954_1.jpeg,17,9
1625610527177,401_2.jpeg,18,9
1625610537177,242_3.jpeg,19,9
1625610547177,954_1.jpeg,17,9
1625610557177,401_2.jpeg,18,9
1625610567177,242_3.jpeg,19,9
1625610577177,954_1.jpeg,17,9
1625610587177,401_2.jpeg,18,9
1625610597177,242_3.jpeg,19,9
1625610607177,242_3.jpeg,19,9
1625610617177,954_1.jpeg,17,9
1625610627177,401_2.jpeg,18,9
1625610637177,242_3.jpeg,19,9
1625610647177,954_1.jpeg,17,9
1625610657177,401_2.jpeg,18,9
1625610667177,242_3.jpeg,19,9
1625610677177,954_1.jpeg,17,9
1625610687177,401_2.jpeg,18,9
1625610697177,242_3.jpeg,19,9
1625610707177,954_1.jpeg,17,9
1625610717177,401_2.jpeg,18,9
1625610727177,242_3.jpeg,19,9
1625610737177,954_1.jpeg,17,9
1625610747177,401_2.jpeg,18,9
1625610757177,242_3.jpeg,19,9
1625610767177,954_1.jpeg,17,9
1625610777177,401_2.jpeg,18,9
1625610787177,242_3.jpeg,19,9
1625610790613,401_2.jpeg,18,9
1625610797177,954_1.jpeg,17,9
1625610800595,401_2.jpeg,18,9
1625610807177,401_2.jpeg,18,9
1625610810595,242_3.jpeg,19,9
1625610847177,954_1.jpeg,17,9
1625610820595,954_1.jpeg,17,9
1625610817177,242_3.jpeg,19,9
1625610835101,401_2.jpeg,18,9
1625610846208,401_2.jpeg,18,9
1625610846212,401_2.jpeg,18,9
1625610830595,401_2.jpeg,18,9
1625610837177,954_1.jpeg,17,9
1625610825109,401_2.jpeg,18,9
1625610827177,954_1.jpeg,17,9
1625620682804,401_2.jpeg,18,9
1625620692796,401_2.jpeg,18,9
1625620702796,401_2.jpeg,18,9
1625620712796,401_2.jpeg,18,9
1625620722796,242_3.jpeg,19,9
1625621031156,401_2.jpeg,18,9
1625621041143,401_2.jpeg,18,9
1625621051143,242_3.jpeg,19,9
1625621061143,954_1.jpeg,17,9
1625621071143,401_2.jpeg,18,9
1625621081145,242_3.jpeg,19,9
1625621091143,954_1.jpeg,17,9
1625621101146,401_2.jpeg,18,9
1625621111143,242_3.jpeg,19,9
